id_no,level,area,system:time_start
L1_RET_090401,1,AfNE,1238544000000
L1_RET_090402,1,AfNE,1238630400000
L1_RET_090403,1,AfNE,1238716800000
L1_RET_090404,1,AfNE,1238803200000
L1_RET_090405,1,AfNE,1238889600000
L1_RET_090406,1,AfNE,1238976000000
L1_RET_090407,1,AfNE,1239062400000
L1_RET_090408,1,AfNE,1239148800000
L1_RET_090409,1,AfNE,1239235200000
L1_RET_090410,1,AfNE,1239321600000
L1_RET_090411,1,AfNE,1239408000000
L1_RET_090412,1,AfNE,1239494400000
L1_RET_090413,1,AfNE,1239580800000
L1_RET_090414,1,AfNE,1239667200000
L1_RET_090415,1,AfNE,1239753600000
L1_RET_090416,1,AfNE,1239840000000
L1_RET_090417,1,AfNE,1239926400000
L1_RET_090418,1,AfNE,1240012800000
L1_RET_090419,1,AfNE,1240099200000
L1_RET_090420,1,AfNE,1240185600000
L1_RET_090421,1,AfNE,1240272000000
L1_RET_090422,1,AfNE,1240358400000
L1_RET_090423,1,AfNE,1240444800000
L1_RET_090424,1,AfNE,1240531200000
L1_RET_090425,1,AfNE,1240617600000
L1_RET_090426,1,AfNE,1240704000000
L1_RET_090427,1,AfNE,1240790400000
L1_RET_090428,1,AfNE,1240876800000
L1_RET_090429,1,AfNE,1240963200000
L1_RET_090430,1,AfNE,1241049600000
L1_RET_090501,1,AfNE,1241136000000
L1_RET_090502,1,AfNE,1241222400000
L1_RET_090503,1,AfNE,1241308800000
L1_RET_090504,1,AfNE,1241395200000
L1_RET_090505,1,AfNE,1241481600000
L1_RET_090506,1,AfNE,1241568000000
L1_RET_090507,1,AfNE,1241654400000
L1_RET_090508,1,AfNE,1241740800000
L1_RET_090509,1,AfNE,1241827200000
L1_RET_090510,1,AfNE,1241913600000
L1_RET_090511,1,AfNE,1242000000000
L1_RET_090512,1,AfNE,1242086400000
L1_RET_090513,1,AfNE,1242172800000
L1_RET_090514,1,AfNE,1242259200000
L1_RET_090515,1,AfNE,1242345600000
L1_RET_090516,1,AfNE,1242432000000
L1_RET_090517,1,AfNE,1242518400000
L1_RET_090518,1,AfNE,1242604800000
L1_RET_090519,1,AfNE,1242691200000
L1_RET_090520,1,AfNE,1242777600000
L1_RET_090521,1,AfNE,1242864000000
L1_RET_090522,1,AfNE,1242950400000
L1_RET_090523,1,AfNE,1243036800000
L1_RET_090524,1,AfNE,1243123200000
L1_RET_090525,1,AfNE,1243209600000
L1_RET_090526,1,AfNE,1243296000000
L1_RET_090527,1,AfNE,1243382400000
L1_RET_090528,1,AfNE,1243468800000
L1_RET_090529,1,AfNE,1243555200000
L1_RET_090530,1,AfNE,1243641600000
L1_RET_090531,1,AfNE,1243728000000
L1_RET_090601,1,AfNE,1243814400000
L1_RET_090602,1,AfNE,1243900800000
L1_RET_090603,1,AfNE,1243987200000
L1_RET_090604,1,AfNE,1244073600000
L1_RET_090605,1,AfNE,1244160000000
L1_RET_090606,1,AfNE,1244246400000
L1_RET_090607,1,AfNE,1244332800000
L1_RET_090608,1,AfNE,1244419200000
L1_RET_090609,1,AfNE,1244505600000
L1_RET_090610,1,AfNE,1244592000000
L1_RET_090611,1,AfNE,1244678400000
L1_RET_090612,1,AfNE,1244764800000
L1_RET_090613,1,AfNE,1244851200000
L1_RET_090614,1,AfNE,1244937600000
L1_RET_090615,1,AfNE,1245024000000
L1_RET_090616,1,AfNE,1245110400000
L1_RET_090617,1,AfNE,1245196800000
L1_RET_090618,1,AfNE,1245283200000
L1_RET_090619,1,AfNE,1245369600000
L1_RET_090620,1,AfNE,1245456000000
L1_RET_090621,1,AfNE,1245542400000
L1_RET_090622,1,AfNE,1245628800000
L1_RET_090623,1,AfNE,1245715200000
L1_RET_090624,1,AfNE,1245801600000
L1_RET_090625,1,AfNE,1245888000000
L1_RET_090626,1,AfNE,1245974400000
L1_RET_090627,1,AfNE,1246060800000
L1_RET_090628,1,AfNE,1246147200000
L1_RET_090629,1,AfNE,1246233600000
L1_RET_090630,1,AfNE,1246320000000
L1_RET_090701,1,AfNE,1246406400000
L1_RET_090702,1,AfNE,1246492800000
L1_RET_090703,1,AfNE,1246579200000
L1_RET_090704,1,AfNE,1246665600000
L1_RET_090705,1,AfNE,1246752000000
L1_RET_090706,1,AfNE,1246838400000
L1_RET_090707,1,AfNE,1246924800000
L1_RET_090708,1,AfNE,1247011200000
L1_RET_090709,1,AfNE,1247097600000
L1_RET_090710,1,AfNE,1247184000000
L1_RET_090711,1,AfNE,1247270400000
L1_RET_090712,1,AfNE,1247356800000
L1_RET_090713,1,AfNE,1247443200000
L1_RET_090714,1,AfNE,1247529600000
L1_RET_090715,1,AfNE,1247616000000
L1_RET_090716,1,AfNE,1247702400000
L1_RET_090717,1,AfNE,1247788800000
L1_RET_090718,1,AfNE,1247875200000
L1_RET_090719,1,AfNE,1247961600000
L1_RET_090720,1,AfNE,1248048000000
L1_RET_090721,1,AfNE,1248134400000
L1_RET_090722,1,AfNE,1248220800000
L1_RET_090723,1,AfNE,1248307200000
L1_RET_090724,1,AfNE,1248393600000
L1_RET_090725,1,AfNE,1248480000000
L1_RET_090726,1,AfNE,1248566400000
L1_RET_090727,1,AfNE,1248652800000
L1_RET_090728,1,AfNE,1248739200000
L1_RET_090729,1,AfNE,1248825600000
L1_RET_090730,1,AfNE,1248912000000
L1_RET_090731,1,AfNE,1248998400000
L1_RET_090801,1,AfNE,1249084800000
L1_RET_090802,1,AfNE,1249171200000
L1_RET_090803,1,AfNE,1249257600000
L1_RET_090804,1,AfNE,1249344000000
L1_RET_090805,1,AfNE,1249430400000
L1_RET_090806,1,AfNE,1249516800000
L1_RET_090807,1,AfNE,1249603200000
L1_RET_090808,1,AfNE,1249689600000
L1_RET_090809,1,AfNE,1249776000000
L1_RET_090810,1,AfNE,1249862400000
L1_RET_090811,1,AfNE,1249948800000
L1_RET_090812,1,AfNE,1250035200000
L1_RET_090813,1,AfNE,1250121600000
L1_RET_090814,1,AfNE,1250208000000
L1_RET_090815,1,AfNE,1250294400000
L1_RET_090816,1,AfNE,1250380800000
L1_RET_090817,1,AfNE,1250467200000
L1_RET_090818,1,AfNE,1250553600000
L1_RET_090819,1,AfNE,1250640000000
L1_RET_090820,1,AfNE,1250726400000
L1_RET_090821,1,AfNE,1250812800000
L1_RET_090822,1,AfNE,1250899200000
L1_RET_090823,1,AfNE,1250985600000
L1_RET_090824,1,AfNE,1251072000000
L1_RET_090825,1,AfNE,1251158400000
L1_RET_090826,1,AfNE,1251244800000
L1_RET_090827,1,AfNE,1251331200000
L1_RET_090828,1,AfNE,1251417600000
L1_RET_090829,1,AfNE,1251504000000
L1_RET_090830,1,AfNE,1251590400000
L1_RET_090831,1,AfNE,1251676800000
L1_RET_090901,1,AfNE,1251763200000
L1_RET_090902,1,AfNE,1251849600000
L1_RET_090903,1,AfNE,1251936000000
L1_RET_090904,1,AfNE,1252022400000
L1_RET_090905,1,AfNE,1252108800000
L1_RET_090906,1,AfNE,1252195200000
L1_RET_090907,1,AfNE,1252281600000
L1_RET_090908,1,AfNE,1252368000000
L1_RET_090909,1,AfNE,1252454400000
L1_RET_090910,1,AfNE,1252540800000
L1_RET_090911,1,AfNE,1252627200000
L1_RET_090912,1,AfNE,1252713600000
L1_RET_090913,1,AfNE,1252800000000
L1_RET_090914,1,AfNE,1252886400000
L1_RET_090915,1,AfNE,1252972800000
L1_RET_090916,1,AfNE,1253059200000
L1_RET_090917,1,AfNE,1253145600000
L1_RET_090918,1,AfNE,1253232000000
L1_RET_090919,1,AfNE,1253318400000
L1_RET_090920,1,AfNE,1253404800000
L1_RET_090921,1,AfNE,1253491200000
L1_RET_090922,1,AfNE,1253577600000
L1_RET_090923,1,AfNE,1253664000000
L1_RET_090924,1,AfNE,1253750400000
L1_RET_090925,1,AfNE,1253836800000
L1_RET_090926,1,AfNE,1253923200000
L1_RET_090927,1,AfNE,1254009600000
L1_RET_090928,1,AfNE,1254096000000
L1_RET_090929,1,AfNE,1254182400000
L1_RET_090930,1,AfNE,1254268800000
L1_RET_091001,1,AfNE,1254355200000
L1_RET_091002,1,AfNE,1254441600000
L1_RET_091003,1,AfNE,1254528000000
L1_RET_091004,1,AfNE,1254614400000
L1_RET_091005,1,AfNE,1254700800000
L1_RET_091006,1,AfNE,1254787200000
L1_RET_091007,1,AfNE,1254873600000
L1_RET_091008,1,AfNE,1254960000000
L1_RET_091009,1,AfNE,1255046400000
L1_RET_091010,1,AfNE,1255132800000
L1_RET_091011,1,AfNE,1255219200000
L1_RET_091012,1,AfNE,1255305600000
L1_RET_091013,1,AfNE,1255392000000
L1_RET_091014,1,AfNE,1255478400000
L1_RET_091015,1,AfNE,1255564800000
L1_RET_091016,1,AfNE,1255651200000
L1_RET_091017,1,AfNE,1255737600000
L1_RET_091018,1,AfNE,1255824000000
L1_RET_091019,1,AfNE,1255910400000
L1_RET_091020,1,AfNE,1255996800000
L1_RET_091021,1,AfNE,1256083200000
L1_RET_091022,1,AfNE,1256169600000
L1_RET_091023,1,AfNE,1256256000000
L1_RET_091024,1,AfNE,1256342400000
L1_RET_091025,1,AfNE,1256428800000
L1_RET_091026,1,AfNE,1256515200000
L1_RET_091027,1,AfNE,1256601600000
L1_RET_091028,1,AfNE,1256688000000
L1_RET_091029,1,AfNE,1256774400000
L1_RET_091030,1,AfNE,1256860800000
L1_RET_091031,1,AfNE,1256947200000
L1_RET_091101,1,AfNE,1257033600000
L1_RET_091102,1,AfNE,1257120000000
L1_RET_091103,1,AfNE,1257206400000
L1_RET_091104,1,AfNE,1257292800000
L1_RET_091105,1,AfNE,1257379200000
L1_RET_091106,1,AfNE,1257465600000
L1_RET_091107,1,AfNE,1257552000000
L1_RET_091108,1,AfNE,1257638400000
L1_RET_091109,1,AfNE,1257724800000
L1_RET_091110,1,AfNE,1257811200000
L1_RET_091111,1,AfNE,1257897600000
L1_RET_091112,1,AfNE,1257984000000
L1_RET_091113,1,AfNE,1258070400000
L1_RET_091114,1,AfNE,1258156800000
L1_RET_091115,1,AfNE,1258243200000
L1_RET_091116,1,AfNE,1258329600000
L1_RET_091117,1,AfNE,1258416000000
L1_RET_091118,1,AfNE,1258502400000
L1_RET_091119,1,AfNE,1258588800000
L1_RET_091120,1,AfNE,1258675200000
L1_RET_091121,1,AfNE,1258761600000
L1_RET_091122,1,AfNE,1258848000000
L1_RET_091123,1,AfNE,1258934400000
L1_RET_091124,1,AfNE,1259020800000
L1_RET_091125,1,AfNE,1259107200000
L1_RET_091126,1,AfNE,1259193600000
L1_RET_091127,1,AfNE,1259280000000
L1_RET_091128,1,AfNE,1259366400000
L1_RET_091129,1,AfNE,1259452800000
L1_RET_091130,1,AfNE,1259539200000
L1_RET_091201,1,AfNE,1259625600000
L1_RET_091202,1,AfNE,1259712000000
L1_RET_091203,1,AfNE,1259798400000
L1_RET_091204,1,AfNE,1259884800000
L1_RET_091205,1,AfNE,1259971200000
L1_RET_091206,1,AfNE,1260057600000
L1_RET_091207,1,AfNE,1260144000000
L1_RET_091208,1,AfNE,1260230400000
L1_RET_091209,1,AfNE,1260316800000
L1_RET_091210,1,AfNE,1260403200000
L1_RET_091211,1,AfNE,1260489600000
L1_RET_091212,1,AfNE,1260576000000
L1_RET_091213,1,AfNE,1260662400000
L1_RET_091214,1,AfNE,1260748800000
L1_RET_091215,1,AfNE,1260835200000
L1_RET_091216,1,AfNE,1260921600000
L1_RET_091217,1,AfNE,1261008000000
L1_RET_091218,1,AfNE,1261094400000
L1_RET_091219,1,AfNE,1261180800000
L1_RET_091220,1,AfNE,1261267200000
L1_RET_091221,1,AfNE,1261353600000
L1_RET_091222,1,AfNE,1261440000000
L1_RET_091223,1,AfNE,1261526400000
L1_RET_091224,1,AfNE,1261612800000
L1_RET_091225,1,AfNE,1261699200000
L1_RET_091226,1,AfNE,1261785600000
L1_RET_091227,1,AfNE,1261872000000
L1_RET_091228,1,AfNE,1261958400000
L1_RET_091229,1,AfNE,1262044800000
L1_RET_091230,1,AfNE,1262131200000
L1_RET_091231,1,AfNE,1262217600000
L1_RET_100101,1,AfNE,1262304000000
L1_RET_100102,1,AfNE,1262390400000
L1_RET_100103,1,AfNE,1262476800000
L1_RET_100104,1,AfNE,1262563200000
L1_RET_100105,1,AfNE,1262649600000
L1_RET_100106,1,AfNE,1262736000000
L1_RET_100107,1,AfNE,1262822400000
L1_RET_100108,1,AfNE,1262908800000
L1_RET_100109,1,AfNE,1262995200000
L1_RET_100110,1,AfNE,1263081600000
L1_RET_100111,1,AfNE,1263168000000
L1_RET_100112,1,AfNE,1263254400000
L1_RET_100113,1,AfNE,1263340800000
L1_RET_100114,1,AfNE,1263427200000
L1_RET_100115,1,AfNE,1263513600000
L1_RET_100116,1,AfNE,1263600000000
L1_RET_100117,1,AfNE,1263686400000
L1_RET_100118,1,AfNE,1263772800000
L1_RET_100119,1,AfNE,1263859200000
L1_RET_100120,1,AfNE,1263945600000
L1_RET_100121,1,AfNE,1264032000000
L1_RET_100122,1,AfNE,1264118400000
L1_RET_100123,1,AfNE,1264204800000
L1_RET_100124,1,AfNE,1264291200000
L1_RET_100125,1,AfNE,1264377600000
L1_RET_100126,1,AfNE,1264464000000
L1_RET_100127,1,AfNE,1264550400000
L1_RET_100128,1,AfNE,1264636800000
L1_RET_100129,1,AfNE,1264723200000
L1_RET_100130,1,AfNE,1264809600000
L1_RET_100131,1,AfNE,1264896000000
L1_RET_100201,1,AfNE,1264982400000
L1_RET_100202,1,AfNE,1265068800000
L1_RET_100203,1,AfNE,1265155200000
L1_RET_100204,1,AfNE,1265241600000
L1_RET_100205,1,AfNE,1265328000000
L1_RET_100206,1,AfNE,1265414400000
L1_RET_100207,1,AfNE,1265500800000
L1_RET_100208,1,AfNE,1265587200000
L1_RET_100209,1,AfNE,1265673600000
L1_RET_100210,1,AfNE,1265760000000
L1_RET_100211,1,AfNE,1265846400000
L1_RET_100212,1,AfNE,1265932800000
L1_RET_100213,1,AfNE,1266019200000
L1_RET_100214,1,AfNE,1266105600000
L1_RET_100215,1,AfNE,1266192000000
L1_RET_100216,1,AfNE,1266278400000
L1_RET_100217,1,AfNE,1266364800000
L1_RET_100218,1,AfNE,1266451200000
L1_RET_100219,1,AfNE,1266537600000
L1_RET_100220,1,AfNE,1266624000000
L1_RET_100221,1,AfNE,1266710400000
L1_RET_100222,1,AfNE,1266796800000
L1_RET_100223,1,AfNE,1266883200000
L1_RET_100224,1,AfNE,1266969600000
L1_RET_100225,1,AfNE,1267056000000
L1_RET_100226,1,AfNE,1267142400000
L1_RET_100227,1,AfNE,1267228800000
L1_RET_100228,1,AfNE,1267315200000
L1_RET_100301,1,AfNE,1267401600000
L1_RET_100302,1,AfNE,1267488000000
L1_RET_100303,1,AfNE,1267574400000
L1_RET_100304,1,AfNE,1267660800000
L1_RET_100305,1,AfNE,1267747200000
L1_RET_100306,1,AfNE,1267833600000
L1_RET_100307,1,AfNE,1267920000000
L1_RET_100308,1,AfNE,1268006400000
L1_RET_100309,1,AfNE,1268092800000
L1_RET_100310,1,AfNE,1268179200000
L1_RET_100311,1,AfNE,1268265600000
L1_RET_100312,1,AfNE,1268352000000
L1_RET_100313,1,AfNE,1268438400000
L1_RET_100314,1,AfNE,1268524800000
L1_RET_100315,1,AfNE,1268611200000
L1_RET_100316,1,AfNE,1268697600000
L1_RET_100317,1,AfNE,1268784000000
L1_RET_100318,1,AfNE,1268870400000
L1_RET_100319,1,AfNE,1268956800000
L1_RET_100320,1,AfNE,1269043200000
L1_RET_100321,1,AfNE,1269129600000
L1_RET_100322,1,AfNE,1269216000000
L1_RET_100323,1,AfNE,1269302400000
L1_RET_100324,1,AfNE,1269388800000
L1_RET_100325,1,AfNE,1269475200000
L1_RET_100326,1,AfNE,1269561600000
L1_RET_100327,1,AfNE,1269648000000
L1_RET_100328,1,AfNE,1269734400000
L1_RET_100329,1,AfNE,1269820800000
L1_RET_100330,1,AfNE,1269907200000
L1_RET_100331,1,AfNE,1269993600000
L1_RET_100401,1,AfNE,1270080000000
L1_RET_100402,1,AfNE,1270166400000
L1_RET_100403,1,AfNE,1270252800000
L1_RET_100404,1,AfNE,1270339200000
L1_RET_100405,1,AfNE,1270425600000
L1_RET_100406,1,AfNE,1270512000000
L1_RET_100407,1,AfNE,1270598400000
L1_RET_100408,1,AfNE,1270684800000
L1_RET_100409,1,AfNE,1270771200000
L1_RET_100410,1,AfNE,1270857600000
L1_RET_100411,1,AfNE,1270944000000
L1_RET_100412,1,AfNE,1271030400000
L1_RET_100413,1,AfNE,1271116800000
L1_RET_100414,1,AfNE,1271203200000
L1_RET_100415,1,AfNE,1271289600000
L1_RET_100416,1,AfNE,1271376000000
L1_RET_100417,1,AfNE,1271462400000
L1_RET_100418,1,AfNE,1271548800000
L1_RET_100419,1,AfNE,1271635200000
L1_RET_100420,1,AfNE,1271721600000
L1_RET_100421,1,AfNE,1271808000000
L1_RET_100422,1,AfNE,1271894400000
L1_RET_100423,1,AfNE,1271980800000
L1_RET_100424,1,AfNE,1272067200000
L1_RET_100425,1,AfNE,1272153600000
L1_RET_100426,1,AfNE,1272240000000
L1_RET_100427,1,AfNE,1272326400000
L1_RET_100428,1,AfNE,1272412800000
L1_RET_100429,1,AfNE,1272499200000
L1_RET_100430,1,AfNE,1272585600000
L1_RET_100501,1,AfNE,1272672000000
L1_RET_100502,1,AfNE,1272758400000
L1_RET_100503,1,AfNE,1272844800000
L1_RET_100504,1,AfNE,1272931200000
L1_RET_100505,1,AfNE,1273017600000
L1_RET_100506,1,AfNE,1273104000000
L1_RET_100507,1,AfNE,1273190400000
L1_RET_100508,1,AfNE,1273276800000
L1_RET_100509,1,AfNE,1273363200000
L1_RET_100510,1,AfNE,1273449600000
L1_RET_100511,1,AfNE,1273536000000
L1_RET_100512,1,AfNE,1273622400000
L1_RET_100513,1,AfNE,1273708800000
L1_RET_100514,1,AfNE,1273795200000
L1_RET_100515,1,AfNE,1273881600000
L1_RET_100516,1,AfNE,1273968000000
L1_RET_100517,1,AfNE,1274054400000
L1_RET_100518,1,AfNE,1274140800000
L1_RET_100519,1,AfNE,1274227200000
L1_RET_100520,1,AfNE,1274313600000
L1_RET_100521,1,AfNE,1274400000000
L1_RET_100522,1,AfNE,1274486400000
L1_RET_100523,1,AfNE,1274572800000
L1_RET_100524,1,AfNE,1274659200000
L1_RET_100525,1,AfNE,1274745600000
L1_RET_100526,1,AfNE,1274832000000
L1_RET_100527,1,AfNE,1274918400000
L1_RET_100528,1,AfNE,1275004800000
L1_RET_100529,1,AfNE,1275091200000
L1_RET_100530,1,AfNE,1275177600000
L1_RET_100531,1,AfNE,1275264000000
L1_RET_100601,1,AfNE,1275350400000
L1_RET_100602,1,AfNE,1275436800000
L1_RET_100603,1,AfNE,1275523200000
L1_RET_100604,1,AfNE,1275609600000
L1_RET_100605,1,AfNE,1275696000000
L1_RET_100606,1,AfNE,1275782400000
L1_RET_100607,1,AfNE,1275868800000
L1_RET_100608,1,AfNE,1275955200000
L1_RET_100609,1,AfNE,1276041600000
L1_RET_100610,1,AfNE,1276128000000
L1_RET_100611,1,AfNE,1276214400000
L1_RET_100612,1,AfNE,1276300800000
L1_RET_100613,1,AfNE,1276387200000
L1_RET_100614,1,AfNE,1276473600000
L1_RET_100615,1,AfNE,1276560000000
L1_RET_100616,1,AfNE,1276646400000
L1_RET_100617,1,AfNE,1276732800000
L1_RET_100618,1,AfNE,1276819200000
L1_RET_100619,1,AfNE,1276905600000
L1_RET_100620,1,AfNE,1276992000000
L1_RET_100621,1,AfNE,1277078400000
L1_RET_100622,1,AfNE,1277164800000
L1_RET_100623,1,AfNE,1277251200000
L1_RET_100624,1,AfNE,1277337600000
L1_RET_100625,1,AfNE,1277424000000
L1_RET_100626,1,AfNE,1277510400000
L1_RET_100627,1,AfNE,1277596800000
L1_RET_100628,1,AfNE,1277683200000
L1_RET_100629,1,AfNE,1277769600000
L1_RET_100630,1,AfNE,1277856000000
L1_RET_100701,1,AfNE,1277942400000
L1_RET_100702,1,AfNE,1278028800000
L1_RET_100703,1,AfNE,1278115200000
L1_RET_100704,1,AfNE,1278201600000
L1_RET_100705,1,AfNE,1278288000000
L1_RET_100706,1,AfNE,1278374400000
L1_RET_100707,1,AfNE,1278460800000
L1_RET_100708,1,AfNE,1278547200000
L1_RET_100709,1,AfNE,1278633600000
L1_RET_100710,1,AfNE,1278720000000
L1_RET_100711,1,AfNE,1278806400000
L1_RET_100712,1,AfNE,1278892800000
L1_RET_100713,1,AfNE,1278979200000
L1_RET_100714,1,AfNE,1279065600000
L1_RET_100715,1,AfNE,1279152000000
L1_RET_100716,1,AfNE,1279238400000
L1_RET_100717,1,AfNE,1279324800000
L1_RET_100718,1,AfNE,1279411200000
L1_RET_100719,1,AfNE,1279497600000
L1_RET_100720,1,AfNE,1279584000000
L1_RET_100721,1,AfNE,1279670400000
L1_RET_100722,1,AfNE,1279756800000
L1_RET_100723,1,AfNE,1279843200000
L1_RET_100724,1,AfNE,1279929600000
L1_RET_100725,1,AfNE,1280016000000
L1_RET_100726,1,AfNE,1280102400000
L1_RET_100727,1,AfNE,1280188800000
L1_RET_100728,1,AfNE,1280275200000
L1_RET_100729,1,AfNE,1280361600000
L1_RET_100730,1,AfNE,1280448000000
L1_RET_100731,1,AfNE,1280534400000
L1_RET_100801,1,AfNE,1280620800000
L1_RET_100802,1,AfNE,1280707200000
L1_RET_100803,1,AfNE,1280793600000
L1_RET_100804,1,AfNE,1280880000000
L1_RET_100805,1,AfNE,1280966400000
L1_RET_100806,1,AfNE,1281052800000
L1_RET_100807,1,AfNE,1281139200000
L1_RET_100808,1,AfNE,1281225600000
L1_RET_100809,1,AfNE,1281312000000
L1_RET_100810,1,AfNE,1281398400000
L1_RET_100811,1,AfNE,1281484800000
L1_RET_100812,1,AfNE,1281571200000
L1_RET_100813,1,AfNE,1281657600000
L1_RET_100814,1,AfNE,1281744000000
L1_RET_100815,1,AfNE,1281830400000
L1_RET_100816,1,AfNE,1281916800000
L1_RET_100817,1,AfNE,1282003200000
L1_RET_100818,1,AfNE,1282089600000
L1_RET_100819,1,AfNE,1282176000000
L1_RET_100820,1,AfNE,1282262400000
L1_RET_100821,1,AfNE,1282348800000
L1_RET_100822,1,AfNE,1282435200000
L1_RET_100823,1,AfNE,1282521600000
L1_RET_100824,1,AfNE,1282608000000
L1_RET_100825,1,AfNE,1282694400000
L1_RET_100826,1,AfNE,1282780800000
L1_RET_100827,1,AfNE,1282867200000
L1_RET_100828,1,AfNE,1282953600000
L1_RET_100829,1,AfNE,1283040000000
L1_RET_100830,1,AfNE,1283126400000
L1_RET_100831,1,AfNE,1283212800000
L1_RET_100901,1,AfNE,1283299200000
L1_RET_100902,1,AfNE,1283385600000
L1_RET_100903,1,AfNE,1283472000000
L1_RET_100904,1,AfNE,1283558400000
L1_RET_100905,1,AfNE,1283644800000
L1_RET_100906,1,AfNE,1283731200000
L1_RET_100907,1,AfNE,1283817600000
L1_RET_100908,1,AfNE,1283904000000
L1_RET_100909,1,AfNE,1283990400000
L1_RET_100910,1,AfNE,1284076800000
L1_RET_100911,1,AfNE,1284163200000
L1_RET_100912,1,AfNE,1284249600000
L1_RET_100913,1,AfNE,1284336000000
L1_RET_100914,1,AfNE,1284422400000
L1_RET_100915,1,AfNE,1284508800000
L1_RET_100916,1,AfNE,1284595200000
L1_RET_100917,1,AfNE,1284681600000
L1_RET_100918,1,AfNE,1284768000000
L1_RET_100919,1,AfNE,1284854400000
L1_RET_100920,1,AfNE,1284940800000
L1_RET_100921,1,AfNE,1285027200000
L1_RET_100922,1,AfNE,1285113600000
L1_RET_100923,1,AfNE,1285200000000
L1_RET_100924,1,AfNE,1285286400000
L1_RET_100925,1,AfNE,1285372800000
L1_RET_100926,1,AfNE,1285459200000
L1_RET_100927,1,AfNE,1285545600000
L1_RET_100928,1,AfNE,1285632000000
L1_RET_100929,1,AfNE,1285718400000
L1_RET_100930,1,AfNE,1285804800000
L1_RET_101001,1,AfNE,1285891200000
L1_RET_101002,1,AfNE,1285977600000
L1_RET_101003,1,AfNE,1286064000000
L1_RET_101004,1,AfNE,1286150400000
L1_RET_101005,1,AfNE,1286236800000
L1_RET_101006,1,AfNE,1286323200000
L1_RET_101007,1,AfNE,1286409600000
L1_RET_101008,1,AfNE,1286496000000
L1_RET_101009,1,AfNE,1286582400000
L1_RET_101010,1,AfNE,1286668800000
L1_RET_101011,1,AfNE,1286755200000
L1_RET_101012,1,AfNE,1286841600000
L1_RET_101013,1,AfNE,1286928000000
L1_RET_101014,1,AfNE,1287014400000
L1_RET_101015,1,AfNE,1287100800000
L1_RET_101016,1,AfNE,1287187200000
L1_RET_101017,1,AfNE,1287273600000
L1_RET_101018,1,AfNE,1287360000000
L1_RET_101019,1,AfNE,1287446400000
L1_RET_101020,1,AfNE,1287532800000
L1_RET_101021,1,AfNE,1287619200000
L1_RET_101022,1,AfNE,1287705600000
L1_RET_101023,1,AfNE,1287792000000
L1_RET_101024,1,AfNE,1287878400000
L1_RET_101025,1,AfNE,1287964800000
L1_RET_101026,1,AfNE,1288051200000
L1_RET_101027,1,AfNE,1288137600000
L1_RET_101028,1,AfNE,1288224000000
L1_RET_101029,1,AfNE,1288310400000
L1_RET_101030,1,AfNE,1288396800000
L1_RET_101031,1,AfNE,1288483200000
L1_RET_101101,1,AfNE,1288569600000
L1_RET_101102,1,AfNE,1288656000000
L1_RET_101103,1,AfNE,1288742400000
L1_RET_101104,1,AfNE,1288828800000
L1_RET_101105,1,AfNE,1288915200000
L1_RET_101106,1,AfNE,1289001600000
L1_RET_101107,1,AfNE,1289088000000
L1_RET_101108,1,AfNE,1289174400000
L1_RET_101109,1,AfNE,1289260800000
L1_RET_101110,1,AfNE,1289347200000
L1_RET_101111,1,AfNE,1289433600000
L1_RET_101112,1,AfNE,1289520000000
L1_RET_101113,1,AfNE,1289606400000
L1_RET_101114,1,AfNE,1289692800000
L1_RET_101115,1,AfNE,1289779200000
L1_RET_101116,1,AfNE,1289865600000
L1_RET_101117,1,AfNE,1289952000000
L1_RET_101118,1,AfNE,1290038400000
L1_RET_101119,1,AfNE,1290124800000
L1_RET_101120,1,AfNE,1290211200000
L1_RET_101121,1,AfNE,1290297600000
L1_RET_101122,1,AfNE,1290384000000
L1_RET_101123,1,AfNE,1290470400000
L1_RET_101124,1,AfNE,1290556800000
L1_RET_101125,1,AfNE,1290643200000
L1_RET_101126,1,AfNE,1290729600000
L1_RET_101127,1,AfNE,1290816000000
L1_RET_101128,1,AfNE,1290902400000
L1_RET_101129,1,AfNE,1290988800000
L1_RET_101130,1,AfNE,1291075200000
L1_RET_101201,1,AfNE,1291161600000
L1_RET_101202,1,AfNE,1291248000000
L1_RET_101203,1,AfNE,1291334400000
L1_RET_101204,1,AfNE,1291420800000
L1_RET_101205,1,AfNE,1291507200000
L1_RET_101206,1,AfNE,1291593600000
L1_RET_101207,1,AfNE,1291680000000
L1_RET_101208,1,AfNE,1291766400000
L1_RET_101209,1,AfNE,1291852800000
L1_RET_101210,1,AfNE,1291939200000
L1_RET_101211,1,AfNE,1292025600000
L1_RET_101212,1,AfNE,1292112000000
L1_RET_101213,1,AfNE,1292198400000
L1_RET_101214,1,AfNE,1292284800000
L1_RET_101215,1,AfNE,1292371200000
L1_RET_101216,1,AfNE,1292457600000
L1_RET_101217,1,AfNE,1292544000000
L1_RET_101218,1,AfNE,1292630400000
L1_RET_101219,1,AfNE,1292716800000
L1_RET_101220,1,AfNE,1292803200000
L1_RET_101221,1,AfNE,1292889600000
L1_RET_101222,1,AfNE,1292976000000
L1_RET_101223,1,AfNE,1293062400000
L1_RET_101224,1,AfNE,1293148800000
L1_RET_101225,1,AfNE,1293235200000
L1_RET_101226,1,AfNE,1293321600000
L1_RET_101227,1,AfNE,1293408000000
L1_RET_101228,1,AfNE,1293494400000
L1_RET_101229,1,AfNE,1293580800000
L1_RET_101230,1,AfNE,1293667200000
L1_RET_101231,1,AfNE,1293753600000
L1_RET_110101,1,AfNE,1293840000000
L1_RET_110102,1,AfNE,1293926400000
L1_RET_110103,1,AfNE,1294012800000
L1_RET_110104,1,AfNE,1294099200000
L1_RET_110105,1,AfNE,1294185600000
L1_RET_110106,1,AfNE,1294272000000
L1_RET_110107,1,AfNE,1294358400000
L1_RET_110108,1,AfNE,1294444800000
L1_RET_110109,1,AfNE,1294531200000
L1_RET_110110,1,AfNE,1294617600000
L1_RET_110111,1,AfNE,1294704000000
L1_RET_110112,1,AfNE,1294790400000
L1_RET_110113,1,AfNE,1294876800000
L1_RET_110114,1,AfNE,1294963200000
L1_RET_110115,1,AfNE,1295049600000
L1_RET_110116,1,AfNE,1295136000000
L1_RET_110117,1,AfNE,1295222400000
L1_RET_110118,1,AfNE,1295308800000
L1_RET_110119,1,AfNE,1295395200000
L1_RET_110120,1,AfNE,1295481600000
L1_RET_110121,1,AfNE,1295568000000
L1_RET_110122,1,AfNE,1295654400000
L1_RET_110123,1,AfNE,1295740800000
L1_RET_110124,1,AfNE,1295827200000
L1_RET_110125,1,AfNE,1295913600000
L1_RET_110126,1,AfNE,1296000000000
L1_RET_110127,1,AfNE,1296086400000
L1_RET_110128,1,AfNE,1296172800000
L1_RET_110129,1,AfNE,1296259200000
L1_RET_110130,1,AfNE,1296345600000
L1_RET_110131,1,AfNE,1296432000000
L1_RET_110201,1,AfNE,1296518400000
L1_RET_110202,1,AfNE,1296604800000
L1_RET_110203,1,AfNE,1296691200000
L1_RET_110204,1,AfNE,1296777600000
L1_RET_110205,1,AfNE,1296864000000
L1_RET_110206,1,AfNE,1296950400000
L1_RET_110207,1,AfNE,1297036800000
L1_RET_110208,1,AfNE,1297123200000
L1_RET_110209,1,AfNE,1297209600000
L1_RET_110210,1,AfNE,1297296000000
L1_RET_110211,1,AfNE,1297382400000
L1_RET_110212,1,AfNE,1297468800000
L1_RET_110213,1,AfNE,1297555200000
L1_RET_110214,1,AfNE,1297641600000
L1_RET_110215,1,AfNE,1297728000000
L1_RET_110216,1,AfNE,1297814400000
L1_RET_110217,1,AfNE,1297900800000
L1_RET_110218,1,AfNE,1297987200000
L1_RET_110219,1,AfNE,1298073600000
L1_RET_110220,1,AfNE,1298160000000
L1_RET_110221,1,AfNE,1298246400000
L1_RET_110222,1,AfNE,1298332800000
L1_RET_110223,1,AfNE,1298419200000
L1_RET_110224,1,AfNE,1298505600000
L1_RET_110225,1,AfNE,1298592000000
L1_RET_110226,1,AfNE,1298678400000
L1_RET_110227,1,AfNE,1298764800000
L1_RET_110228,1,AfNE,1298851200000
L1_RET_110301,1,AfNE,1298937600000
L1_RET_110302,1,AfNE,1299024000000
L1_RET_110303,1,AfNE,1299110400000
L1_RET_110304,1,AfNE,1299196800000
L1_RET_110305,1,AfNE,1299283200000
L1_RET_110306,1,AfNE,1299369600000
L1_RET_110307,1,AfNE,1299456000000
L1_RET_110308,1,AfNE,1299542400000
L1_RET_110309,1,AfNE,1299628800000
L1_RET_110310,1,AfNE,1299715200000
L1_RET_110311,1,AfNE,1299801600000
L1_RET_110312,1,AfNE,1299888000000
L1_RET_110313,1,AfNE,1299974400000
L1_RET_110314,1,AfNE,1300060800000
L1_RET_110315,1,AfNE,1300147200000
L1_RET_110316,1,AfNE,1300233600000
L1_RET_110317,1,AfNE,1300320000000
L1_RET_110318,1,AfNE,1300406400000
L1_RET_110319,1,AfNE,1300492800000
L1_RET_110320,1,AfNE,1300579200000
L1_RET_110321,1,AfNE,1300665600000
L1_RET_110322,1,AfNE,1300752000000
L1_RET_110323,1,AfNE,1300838400000
L1_RET_110324,1,AfNE,1300924800000
L1_RET_110325,1,AfNE,1301011200000
L1_RET_110326,1,AfNE,1301097600000
L1_RET_110327,1,AfNE,1301184000000
L1_RET_110328,1,AfNE,1301270400000
L1_RET_110329,1,AfNE,1301356800000
L1_RET_110330,1,AfNE,1301443200000
L1_RET_110331,1,AfNE,1301529600000
L1_RET_110401,1,AfNE,1301616000000
L1_RET_110402,1,AfNE,1301702400000
L1_RET_110403,1,AfNE,1301788800000
L1_RET_110404,1,AfNE,1301875200000
L1_RET_110405,1,AfNE,1301961600000
L1_RET_110406,1,AfNE,1302048000000
L1_RET_110407,1,AfNE,1302134400000
L1_RET_110408,1,AfNE,1302220800000
L1_RET_110409,1,AfNE,1302307200000
L1_RET_110410,1,AfNE,1302393600000
L1_RET_110411,1,AfNE,1302480000000
L1_RET_110412,1,AfNE,1302566400000
L1_RET_110413,1,AfNE,1302652800000
L1_RET_110414,1,AfNE,1302739200000
L1_RET_110415,1,AfNE,1302825600000
L1_RET_110416,1,AfNE,1302912000000
L1_RET_110417,1,AfNE,1302998400000
L1_RET_110418,1,AfNE,1303084800000
L1_RET_110419,1,AfNE,1303171200000
L1_RET_110420,1,AfNE,1303257600000
L1_RET_110421,1,AfNE,1303344000000
L1_RET_110422,1,AfNE,1303430400000
L1_RET_110423,1,AfNE,1303516800000
L1_RET_110424,1,AfNE,1303603200000
L1_RET_110425,1,AfNE,1303689600000
L1_RET_110426,1,AfNE,1303776000000
L1_RET_110427,1,AfNE,1303862400000
L1_RET_110428,1,AfNE,1303948800000
L1_RET_110429,1,AfNE,1304035200000
L1_RET_110430,1,AfNE,1304121600000
L1_RET_110501,1,AfNE,1304208000000
L1_RET_110502,1,AfNE,1304294400000
L1_RET_110503,1,AfNE,1304380800000
L1_RET_110504,1,AfNE,1304467200000
L1_RET_110505,1,AfNE,1304553600000
L1_RET_110506,1,AfNE,1304640000000
L1_RET_110507,1,AfNE,1304726400000
L1_RET_110508,1,AfNE,1304812800000
L1_RET_110509,1,AfNE,1304899200000
L1_RET_110510,1,AfNE,1304985600000
L1_RET_110511,1,AfNE,1305072000000
L1_RET_110512,1,AfNE,1305158400000
L1_RET_110513,1,AfNE,1305244800000
L1_RET_110514,1,AfNE,1305331200000
L1_RET_110515,1,AfNE,1305417600000
L1_RET_110516,1,AfNE,1305504000000
L1_RET_110517,1,AfNE,1305590400000
L1_RET_110518,1,AfNE,1305676800000
L1_RET_110519,1,AfNE,1305763200000
L1_RET_110520,1,AfNE,1305849600000
L1_RET_110521,1,AfNE,1305936000000
L1_RET_110522,1,AfNE,1306022400000
L1_RET_110523,1,AfNE,1306108800000
L1_RET_110524,1,AfNE,1306195200000
L1_RET_110525,1,AfNE,1306281600000
L1_RET_110526,1,AfNE,1306368000000
L1_RET_110527,1,AfNE,1306454400000
L1_RET_110528,1,AfNE,1306540800000
L1_RET_110529,1,AfNE,1306627200000
L1_RET_110530,1,AfNE,1306713600000
L1_RET_110531,1,AfNE,1306800000000
L1_RET_110601,1,AfNE,1306886400000
L1_RET_110602,1,AfNE,1306972800000
L1_RET_110603,1,AfNE,1307059200000
L1_RET_110604,1,AfNE,1307145600000
L1_RET_110605,1,AfNE,1307232000000
L1_RET_110606,1,AfNE,1307318400000
L1_RET_110607,1,AfNE,1307404800000
L1_RET_110608,1,AfNE,1307491200000
L1_RET_110609,1,AfNE,1307577600000
L1_RET_110610,1,AfNE,1307664000000
L1_RET_110611,1,AfNE,1307750400000
L1_RET_110612,1,AfNE,1307836800000
L1_RET_110613,1,AfNE,1307923200000
L1_RET_110614,1,AfNE,1308009600000
L1_RET_110615,1,AfNE,1308096000000
L1_RET_110616,1,AfNE,1308182400000
L1_RET_110617,1,AfNE,1308268800000
L1_RET_110618,1,AfNE,1308355200000
L1_RET_110619,1,AfNE,1308441600000
L1_RET_110620,1,AfNE,1308528000000
L1_RET_110621,1,AfNE,1308614400000
L1_RET_110622,1,AfNE,1308700800000
L1_RET_110623,1,AfNE,1308787200000
L1_RET_110624,1,AfNE,1308873600000
L1_RET_110625,1,AfNE,1308960000000
L1_RET_110626,1,AfNE,1309046400000
L1_RET_110627,1,AfNE,1309132800000
L1_RET_110628,1,AfNE,1309219200000
L1_RET_110629,1,AfNE,1309305600000
L1_RET_110630,1,AfNE,1309392000000
L1_RET_110701,1,AfNE,1309478400000
L1_RET_110702,1,AfNE,1309564800000
L1_RET_110703,1,AfNE,1309651200000
L1_RET_110704,1,AfNE,1309737600000
L1_RET_110705,1,AfNE,1309824000000
L1_RET_110706,1,AfNE,1309910400000
L1_RET_110707,1,AfNE,1309996800000
L1_RET_110708,1,AfNE,1310083200000
L1_RET_110709,1,AfNE,1310169600000
L1_RET_110710,1,AfNE,1310256000000
L1_RET_110711,1,AfNE,1310342400000
L1_RET_110712,1,AfNE,1310428800000
L1_RET_110713,1,AfNE,1310515200000
L1_RET_110714,1,AfNE,1310601600000
L1_RET_110715,1,AfNE,1310688000000
L1_RET_110716,1,AfNE,1310774400000
L1_RET_110717,1,AfNE,1310860800000
L1_RET_110718,1,AfNE,1310947200000
L1_RET_110719,1,AfNE,1311033600000
L1_RET_110720,1,AfNE,1311120000000
L1_RET_110721,1,AfNE,1311206400000
L1_RET_110722,1,AfNE,1311292800000
L1_RET_110723,1,AfNE,1311379200000
L1_RET_110724,1,AfNE,1311465600000
L1_RET_110725,1,AfNE,1311552000000
L1_RET_110726,1,AfNE,1311638400000
L1_RET_110727,1,AfNE,1311724800000
L1_RET_110728,1,AfNE,1311811200000
L1_RET_110729,1,AfNE,1311897600000
L1_RET_110730,1,AfNE,1311984000000
L1_RET_110731,1,AfNE,1312070400000
L1_RET_110801,1,AfNE,1312156800000
L1_RET_110802,1,AfNE,1312243200000
L1_RET_110803,1,AfNE,1312329600000
L1_RET_110804,1,AfNE,1312416000000
L1_RET_110805,1,AfNE,1312502400000
L1_RET_110806,1,AfNE,1312588800000
L1_RET_110807,1,AfNE,1312675200000
L1_RET_110808,1,AfNE,1312761600000
L1_RET_110809,1,AfNE,1312848000000
L1_RET_110810,1,AfNE,1312934400000
L1_RET_110811,1,AfNE,1313020800000
L1_RET_110812,1,AfNE,1313107200000
L1_RET_110813,1,AfNE,1313193600000
L1_RET_110814,1,AfNE,1313280000000
L1_RET_110815,1,AfNE,1313366400000
L1_RET_110816,1,AfNE,1313452800000
L1_RET_110817,1,AfNE,1313539200000
L1_RET_110818,1,AfNE,1313625600000
L1_RET_110819,1,AfNE,1313712000000
L1_RET_110820,1,AfNE,1313798400000
L1_RET_110821,1,AfNE,1313884800000
L1_RET_110822,1,AfNE,1313971200000
L1_RET_110823,1,AfNE,1314057600000
L1_RET_110824,1,AfNE,1314144000000
L1_RET_110825,1,AfNE,1314230400000
L1_RET_110826,1,AfNE,1314316800000
L1_RET_110827,1,AfNE,1314403200000
L1_RET_110828,1,AfNE,1314489600000
L1_RET_110829,1,AfNE,1314576000000
L1_RET_110830,1,AfNE,1314662400000
L1_RET_110831,1,AfNE,1314748800000
L1_RET_110901,1,AfNE,1314835200000
L1_RET_110902,1,AfNE,1314921600000
L1_RET_110903,1,AfNE,1315008000000
L1_RET_110904,1,AfNE,1315094400000
L1_RET_110905,1,AfNE,1315180800000
L1_RET_110906,1,AfNE,1315267200000
L1_RET_110907,1,AfNE,1315353600000
L1_RET_110908,1,AfNE,1315440000000
L1_RET_110909,1,AfNE,1315526400000
L1_RET_110910,1,AfNE,1315612800000
L1_RET_110911,1,AfNE,1315699200000
L1_RET_110912,1,AfNE,1315785600000
L1_RET_110913,1,AfNE,1315872000000
L1_RET_110914,1,AfNE,1315958400000
L1_RET_110915,1,AfNE,1316044800000
L1_RET_110916,1,AfNE,1316131200000
L1_RET_110917,1,AfNE,1316217600000
L1_RET_110918,1,AfNE,1316304000000
L1_RET_110919,1,AfNE,1316390400000
L1_RET_110920,1,AfNE,1316476800000
L1_RET_110921,1,AfNE,1316563200000
L1_RET_110922,1,AfNE,1316649600000
L1_RET_110923,1,AfNE,1316736000000
L1_RET_110924,1,AfNE,1316822400000
L1_RET_110925,1,AfNE,1316908800000
L1_RET_110926,1,AfNE,1316995200000
L1_RET_110927,1,AfNE,1317081600000
L1_RET_110928,1,AfNE,1317168000000
L1_RET_110929,1,AfNE,1317254400000
L1_RET_110930,1,AfNE,1317340800000
L1_RET_111001,1,AfNE,1317427200000
L1_RET_111002,1,AfNE,1317513600000
L1_RET_111003,1,AfNE,1317600000000
L1_RET_111004,1,AfNE,1317686400000
L1_RET_111005,1,AfNE,1317772800000
L1_RET_111006,1,AfNE,1317859200000
L1_RET_111007,1,AfNE,1317945600000
L1_RET_111008,1,AfNE,1318032000000
L1_RET_111009,1,AfNE,1318118400000
L1_RET_111010,1,AfNE,1318204800000
L1_RET_111011,1,AfNE,1318291200000
L1_RET_111012,1,AfNE,1318377600000
L1_RET_111013,1,AfNE,1318464000000
L1_RET_111014,1,AfNE,1318550400000
L1_RET_111015,1,AfNE,1318636800000
L1_RET_111016,1,AfNE,1318723200000
L1_RET_111017,1,AfNE,1318809600000
L1_RET_111018,1,AfNE,1318896000000
L1_RET_111019,1,AfNE,1318982400000
L1_RET_111020,1,AfNE,1319068800000
L1_RET_111021,1,AfNE,1319155200000
L1_RET_111022,1,AfNE,1319241600000
L1_RET_111023,1,AfNE,1319328000000
L1_RET_111024,1,AfNE,1319414400000
L1_RET_111025,1,AfNE,1319500800000
L1_RET_111026,1,AfNE,1319587200000
L1_RET_111027,1,AfNE,1319673600000
L1_RET_111028,1,AfNE,1319760000000
L1_RET_111029,1,AfNE,1319846400000
L1_RET_111030,1,AfNE,1319932800000
L1_RET_111031,1,AfNE,1320019200000
L1_RET_111101,1,AfNE,1320105600000
L1_RET_111102,1,AfNE,1320192000000
L1_RET_111103,1,AfNE,1320278400000
L1_RET_111104,1,AfNE,1320364800000
L1_RET_111105,1,AfNE,1320451200000
L1_RET_111106,1,AfNE,1320537600000
L1_RET_111107,1,AfNE,1320624000000
L1_RET_111108,1,AfNE,1320710400000
L1_RET_111109,1,AfNE,1320796800000
L1_RET_111110,1,AfNE,1320883200000
L1_RET_111111,1,AfNE,1320969600000
L1_RET_111112,1,AfNE,1321056000000
L1_RET_111113,1,AfNE,1321142400000
L1_RET_111114,1,AfNE,1321228800000
L1_RET_111115,1,AfNE,1321315200000
L1_RET_111116,1,AfNE,1321401600000
L1_RET_111117,1,AfNE,1321488000000
L1_RET_111118,1,AfNE,1321574400000
L1_RET_111119,1,AfNE,1321660800000
L1_RET_111120,1,AfNE,1321747200000
L1_RET_111121,1,AfNE,1321833600000
L1_RET_111122,1,AfNE,1321920000000
L1_RET_111123,1,AfNE,1322006400000
L1_RET_111124,1,AfNE,1322092800000
L1_RET_111125,1,AfNE,1322179200000
L1_RET_111126,1,AfNE,1322265600000
L1_RET_111127,1,AfNE,1322352000000
L1_RET_111128,1,AfNE,1322438400000
L1_RET_111129,1,AfNE,1322524800000
L1_RET_111130,1,AfNE,1322611200000
L1_RET_111201,1,AfNE,1322697600000
L1_RET_111202,1,AfNE,1322784000000
L1_RET_111203,1,AfNE,1322870400000
L1_RET_111204,1,AfNE,1322956800000
L1_RET_111205,1,AfNE,1323043200000
L1_RET_111206,1,AfNE,1323129600000
L1_RET_111207,1,AfNE,1323216000000
L1_RET_111208,1,AfNE,1323302400000
L1_RET_111209,1,AfNE,1323388800000
L1_RET_111210,1,AfNE,1323475200000
L1_RET_111211,1,AfNE,1323561600000
L1_RET_111212,1,AfNE,1323648000000
L1_RET_111213,1,AfNE,1323734400000
L1_RET_111214,1,AfNE,1323820800000
L1_RET_111215,1,AfNE,1323907200000
L1_RET_111216,1,AfNE,1323993600000
L1_RET_111217,1,AfNE,1324080000000
L1_RET_111218,1,AfNE,1324166400000
L1_RET_111219,1,AfNE,1324252800000
L1_RET_111220,1,AfNE,1324339200000
L1_RET_111221,1,AfNE,1324425600000
L1_RET_111222,1,AfNE,1324512000000
L1_RET_111223,1,AfNE,1324598400000
L1_RET_111224,1,AfNE,1324684800000
L1_RET_111225,1,AfNE,1324771200000
L1_RET_111226,1,AfNE,1324857600000
L1_RET_111227,1,AfNE,1324944000000
L1_RET_111228,1,AfNE,1325030400000
L1_RET_111229,1,AfNE,1325116800000
L1_RET_111230,1,AfNE,1325203200000
L1_RET_111231,1,AfNE,1325289600000
L1_RET_120101,1,AfNE,1325376000000
L1_RET_120102,1,AfNE,1325462400000
L1_RET_120103,1,AfNE,1325548800000
L1_RET_120104,1,AfNE,1325635200000
L1_RET_120105,1,AfNE,1325721600000
L1_RET_120106,1,AfNE,1325808000000
L1_RET_120107,1,AfNE,1325894400000
L1_RET_120108,1,AfNE,1325980800000
L1_RET_120109,1,AfNE,1326067200000
L1_RET_120110,1,AfNE,1326153600000
L1_RET_120111,1,AfNE,1326240000000
L1_RET_120112,1,AfNE,1326326400000
L1_RET_120113,1,AfNE,1326412800000
L1_RET_120114,1,AfNE,1326499200000
L1_RET_120115,1,AfNE,1326585600000
L1_RET_120116,1,AfNE,1326672000000
L1_RET_120117,1,AfNE,1326758400000
L1_RET_120118,1,AfNE,1326844800000
L1_RET_120119,1,AfNE,1326931200000
L1_RET_120120,1,AfNE,1327017600000
L1_RET_120121,1,AfNE,1327104000000
L1_RET_120122,1,AfNE,1327190400000
L1_RET_120123,1,AfNE,1327276800000
L1_RET_120124,1,AfNE,1327363200000
L1_RET_120125,1,AfNE,1327449600000
L1_RET_120126,1,AfNE,1327536000000
L1_RET_120127,1,AfNE,1327622400000
L1_RET_120128,1,AfNE,1327708800000
L1_RET_120129,1,AfNE,1327795200000
L1_RET_120130,1,AfNE,1327881600000
L1_RET_120131,1,AfNE,1327968000000
L1_RET_120201,1,AfNE,1328054400000
L1_RET_120202,1,AfNE,1328140800000
L1_RET_120203,1,AfNE,1328227200000
L1_RET_120204,1,AfNE,1328313600000
L1_RET_120205,1,AfNE,1328400000000
L1_RET_120206,1,AfNE,1328486400000
L1_RET_120207,1,AfNE,1328572800000
L1_RET_120208,1,AfNE,1328659200000
L1_RET_120209,1,AfNE,1328745600000
L1_RET_120210,1,AfNE,1328832000000
L1_RET_120211,1,AfNE,1328918400000
L1_RET_120212,1,AfNE,1329004800000
L1_RET_120213,1,AfNE,1329091200000
L1_RET_120214,1,AfNE,1329177600000
L1_RET_120215,1,AfNE,1329264000000
L1_RET_120216,1,AfNE,1329350400000
L1_RET_120217,1,AfNE,1329436800000
L1_RET_120218,1,AfNE,1329523200000
L1_RET_120219,1,AfNE,1329609600000
L1_RET_120220,1,AfNE,1329696000000
L1_RET_120221,1,AfNE,1329782400000
L1_RET_120222,1,AfNE,1329868800000
L1_RET_120223,1,AfNE,1329955200000
L1_RET_120224,1,AfNE,1330041600000
L1_RET_120225,1,AfNE,1330128000000
L1_RET_120226,1,AfNE,1330214400000
L1_RET_120227,1,AfNE,1330300800000
L1_RET_120228,1,AfNE,1330387200000
L1_RET_120229,1,AfNE,1330473600000
L1_RET_120301,1,AfNE,1330560000000
L1_RET_120302,1,AfNE,1330646400000
L1_RET_120303,1,AfNE,1330732800000
L1_RET_120304,1,AfNE,1330819200000
L1_RET_120305,1,AfNE,1330905600000
L1_RET_120306,1,AfNE,1330992000000
L1_RET_120307,1,AfNE,1331078400000
L1_RET_120308,1,AfNE,1331164800000
L1_RET_120309,1,AfNE,1331251200000
L1_RET_120310,1,AfNE,1331337600000
L1_RET_120311,1,AfNE,1331424000000
L1_RET_120312,1,AfNE,1331510400000
L1_RET_120313,1,AfNE,1331596800000
L1_RET_120314,1,AfNE,1331683200000
L1_RET_120315,1,AfNE,1331769600000
L1_RET_120316,1,AfNE,1331856000000
L1_RET_120317,1,AfNE,1331942400000
L1_RET_120318,1,AfNE,1332028800000
L1_RET_120319,1,AfNE,1332115200000
L1_RET_120320,1,AfNE,1332201600000
L1_RET_120321,1,AfNE,1332288000000
L1_RET_120322,1,AfNE,1332374400000
L1_RET_120323,1,AfNE,1332460800000
L1_RET_120324,1,AfNE,1332547200000
L1_RET_120325,1,AfNE,1332633600000
L1_RET_120326,1,AfNE,1332720000000
L1_RET_120327,1,AfNE,1332806400000
L1_RET_120328,1,AfNE,1332892800000
L1_RET_120329,1,AfNE,1332979200000
L1_RET_120330,1,AfNE,1333065600000
L1_RET_120331,1,AfNE,1333152000000
L1_RET_120401,1,AfNE,1333238400000
L1_RET_120402,1,AfNE,1333324800000
L1_RET_120403,1,AfNE,1333411200000
L1_RET_120404,1,AfNE,1333497600000
L1_RET_120405,1,AfNE,1333584000000
L1_RET_120406,1,AfNE,1333670400000
L1_RET_120407,1,AfNE,1333756800000
L1_RET_120408,1,AfNE,1333843200000
L1_RET_120409,1,AfNE,1333929600000
L1_RET_120410,1,AfNE,1334016000000
L1_RET_120411,1,AfNE,1334102400000
L1_RET_120412,1,AfNE,1334188800000
L1_RET_120413,1,AfNE,1334275200000
L1_RET_120414,1,AfNE,1334361600000
L1_RET_120415,1,AfNE,1334448000000
L1_RET_120416,1,AfNE,1334534400000
L1_RET_120417,1,AfNE,1334620800000
L1_RET_120418,1,AfNE,1334707200000
L1_RET_120419,1,AfNE,1334793600000
L1_RET_120420,1,AfNE,1334880000000
L1_RET_120421,1,AfNE,1334966400000
L1_RET_120422,1,AfNE,1335052800000
L1_RET_120423,1,AfNE,1335139200000
L1_RET_120424,1,AfNE,1335225600000
L1_RET_120425,1,AfNE,1335312000000
L1_RET_120426,1,AfNE,1335398400000
L1_RET_120427,1,AfNE,1335484800000
L1_RET_120428,1,AfNE,1335571200000
L1_RET_120429,1,AfNE,1335657600000
L1_RET_120430,1,AfNE,1335744000000
L1_RET_120501,1,AfNE,1335830400000
L1_RET_120502,1,AfNE,1335916800000
L1_RET_120503,1,AfNE,1336003200000
L1_RET_120504,1,AfNE,1336089600000
L1_RET_120505,1,AfNE,1336176000000
L1_RET_120506,1,AfNE,1336262400000
L1_RET_120507,1,AfNE,1336348800000
L1_RET_120508,1,AfNE,1336435200000
L1_RET_120509,1,AfNE,1336521600000
L1_RET_120510,1,AfNE,1336608000000
L1_RET_120511,1,AfNE,1336694400000
L1_RET_120512,1,AfNE,1336780800000
L1_RET_120513,1,AfNE,1336867200000
L1_RET_120514,1,AfNE,1336953600000
L1_RET_120515,1,AfNE,1337040000000
L1_RET_120516,1,AfNE,1337126400000
L1_RET_120517,1,AfNE,1337212800000
L1_RET_120518,1,AfNE,1337299200000
L1_RET_120519,1,AfNE,1337385600000
L1_RET_120520,1,AfNE,1337472000000
L1_RET_120521,1,AfNE,1337558400000
L1_RET_120522,1,AfNE,1337644800000
L1_RET_120523,1,AfNE,1337731200000
L1_RET_120524,1,AfNE,1337817600000
L1_RET_120525,1,AfNE,1337904000000
L1_RET_120526,1,AfNE,1337990400000
L1_RET_120527,1,AfNE,1338076800000
L1_RET_120528,1,AfNE,1338163200000
L1_RET_120529,1,AfNE,1338249600000
L1_RET_120530,1,AfNE,1338336000000
L1_RET_120531,1,AfNE,1338422400000
L1_RET_120601,1,AfNE,1338508800000
L1_RET_120602,1,AfNE,1338595200000
L1_RET_120603,1,AfNE,1338681600000
L1_RET_120604,1,AfNE,1338768000000
L1_RET_120605,1,AfNE,1338854400000
L1_RET_120606,1,AfNE,1338940800000
L1_RET_120607,1,AfNE,1339027200000
L1_RET_120608,1,AfNE,1339113600000
L1_RET_120609,1,AfNE,1339200000000
L1_RET_120610,1,AfNE,1339286400000
L1_RET_120611,1,AfNE,1339372800000
L1_RET_120612,1,AfNE,1339459200000
L1_RET_120613,1,AfNE,1339545600000
L1_RET_120614,1,AfNE,1339632000000
L1_RET_120615,1,AfNE,1339718400000
L1_RET_120616,1,AfNE,1339804800000
L1_RET_120617,1,AfNE,1339891200000
L1_RET_120618,1,AfNE,1339977600000
L1_RET_120619,1,AfNE,1340064000000
L1_RET_120620,1,AfNE,1340150400000
L1_RET_120621,1,AfNE,1340236800000
L1_RET_120622,1,AfNE,1340323200000
L1_RET_120623,1,AfNE,1340409600000
L1_RET_120624,1,AfNE,1340496000000
L1_RET_120625,1,AfNE,1340582400000
L1_RET_120626,1,AfNE,1340668800000
L1_RET_120627,1,AfNE,1340755200000
L1_RET_120628,1,AfNE,1340841600000
L1_RET_120629,1,AfNE,1340928000000
L1_RET_120630,1,AfNE,1341014400000
L1_RET_120701,1,AfNE,1341100800000
L1_RET_120702,1,AfNE,1341187200000
L1_RET_120703,1,AfNE,1341273600000
L1_RET_120704,1,AfNE,1341360000000
L1_RET_120705,1,AfNE,1341446400000
L1_RET_120706,1,AfNE,1341532800000
L1_RET_120707,1,AfNE,1341619200000
L1_RET_120708,1,AfNE,1341705600000
L1_RET_120709,1,AfNE,1341792000000
L1_RET_120710,1,AfNE,1341878400000
L1_RET_120711,1,AfNE,1341964800000
L1_RET_120712,1,AfNE,1342051200000
L1_RET_120713,1,AfNE,1342137600000
L1_RET_120714,1,AfNE,1342224000000
L1_RET_120715,1,AfNE,1342310400000
L1_RET_120716,1,AfNE,1342396800000
L1_RET_120717,1,AfNE,1342483200000
L1_RET_120718,1,AfNE,1342569600000
L1_RET_120719,1,AfNE,1342656000000
L1_RET_120720,1,AfNE,1342742400000
L1_RET_120721,1,AfNE,1342828800000
L1_RET_120722,1,AfNE,1342915200000
L1_RET_120723,1,AfNE,1343001600000
L1_RET_120724,1,AfNE,1343088000000
L1_RET_120725,1,AfNE,1343174400000
L1_RET_120726,1,AfNE,1343260800000
L1_RET_120727,1,AfNE,1343347200000
L1_RET_120728,1,AfNE,1343433600000
L1_RET_120729,1,AfNE,1343520000000
L1_RET_120730,1,AfNE,1343606400000
L1_RET_120731,1,AfNE,1343692800000
L1_RET_120801,1,AfNE,1343779200000
L1_RET_120802,1,AfNE,1343865600000
L1_RET_120803,1,AfNE,1343952000000
L1_RET_120804,1,AfNE,1344038400000
L1_RET_120805,1,AfNE,1344124800000
L1_RET_120806,1,AfNE,1344211200000
L1_RET_120807,1,AfNE,1344297600000
L1_RET_120808,1,AfNE,1344384000000
L1_RET_120809,1,AfNE,1344470400000
L1_RET_120810,1,AfNE,1344556800000
L1_RET_120811,1,AfNE,1344643200000
L1_RET_120812,1,AfNE,1344729600000
L1_RET_120813,1,AfNE,1344816000000
L1_RET_120814,1,AfNE,1344902400000
L1_RET_120815,1,AfNE,1344988800000
L1_RET_120816,1,AfNE,1345075200000
L1_RET_120817,1,AfNE,1345161600000
L1_RET_120818,1,AfNE,1345248000000
L1_RET_120819,1,AfNE,1345334400000
L1_RET_120820,1,AfNE,1345420800000
L1_RET_120821,1,AfNE,1345507200000
L1_RET_120822,1,AfNE,1345593600000
L1_RET_120823,1,AfNE,1345680000000
L1_RET_120824,1,AfNE,1345766400000
L1_RET_120825,1,AfNE,1345852800000
L1_RET_120826,1,AfNE,1345939200000
L1_RET_120827,1,AfNE,1346025600000
L1_RET_120828,1,AfNE,1346112000000
L1_RET_120829,1,AfNE,1346198400000
L1_RET_120830,1,AfNE,1346284800000
L1_RET_120831,1,AfNE,1346371200000
L1_RET_120901,1,AfNE,1346457600000
L1_RET_120902,1,AfNE,1346544000000
L1_RET_120903,1,AfNE,1346630400000
L1_RET_120904,1,AfNE,1346716800000
L1_RET_120905,1,AfNE,1346803200000
L1_RET_120906,1,AfNE,1346889600000
L1_RET_120907,1,AfNE,1346976000000
L1_RET_120908,1,AfNE,1347062400000
L1_RET_120909,1,AfNE,1347148800000
L1_RET_120910,1,AfNE,1347235200000
L1_RET_120911,1,AfNE,1347321600000
L1_RET_120912,1,AfNE,1347408000000
L1_RET_120913,1,AfNE,1347494400000
L1_RET_120914,1,AfNE,1347580800000
L1_RET_120915,1,AfNE,1347667200000
L1_RET_120916,1,AfNE,1347753600000
L1_RET_120917,1,AfNE,1347840000000
L1_RET_120918,1,AfNE,1347926400000
L1_RET_120919,1,AfNE,1348012800000
L1_RET_120920,1,AfNE,1348099200000
L1_RET_120921,1,AfNE,1348185600000
L1_RET_120922,1,AfNE,1348272000000
L1_RET_120923,1,AfNE,1348358400000
L1_RET_120924,1,AfNE,1348444800000
L1_RET_120925,1,AfNE,1348531200000
L1_RET_120926,1,AfNE,1348617600000
L1_RET_120927,1,AfNE,1348704000000
L1_RET_120928,1,AfNE,1348790400000
L1_RET_120929,1,AfNE,1348876800000
L1_RET_120930,1,AfNE,1348963200000
L1_RET_121001,1,AfNE,1349049600000
L1_RET_121002,1,AfNE,1349136000000
L1_RET_121003,1,AfNE,1349222400000
L1_RET_121004,1,AfNE,1349308800000
L1_RET_121005,1,AfNE,1349395200000
L1_RET_121006,1,AfNE,1349481600000
L1_RET_121007,1,AfNE,1349568000000
L1_RET_121008,1,AfNE,1349654400000
L1_RET_121009,1,AfNE,1349740800000
L1_RET_121010,1,AfNE,1349827200000
L1_RET_121011,1,AfNE,1349913600000
L1_RET_121012,1,AfNE,1350000000000
L1_RET_121013,1,AfNE,1350086400000
L1_RET_121014,1,AfNE,1350172800000
L1_RET_121015,1,AfNE,1350259200000
L1_RET_121016,1,AfNE,1350345600000
L1_RET_121017,1,AfNE,1350432000000
L1_RET_121018,1,AfNE,1350518400000
L1_RET_121019,1,AfNE,1350604800000
L1_RET_121020,1,AfNE,1350691200000
L1_RET_121021,1,AfNE,1350777600000
L1_RET_121022,1,AfNE,1350864000000
L1_RET_121023,1,AfNE,1350950400000
L1_RET_121024,1,AfNE,1351036800000
L1_RET_121025,1,AfNE,1351123200000
L1_RET_121026,1,AfNE,1351209600000
L1_RET_121027,1,AfNE,1351296000000
L1_RET_121028,1,AfNE,1351382400000
L1_RET_121029,1,AfNE,1351468800000
L1_RET_121030,1,AfNE,1351555200000
L1_RET_121031,1,AfNE,1351641600000
L1_RET_121101,1,AfNE,1351728000000
L1_RET_121102,1,AfNE,1351814400000
L1_RET_121103,1,AfNE,1351900800000
L1_RET_121104,1,AfNE,1351987200000
L1_RET_121105,1,AfNE,1352073600000
L1_RET_121106,1,AfNE,1352160000000
L1_RET_121107,1,AfNE,1352246400000
L1_RET_121108,1,AfNE,1352332800000
L1_RET_121109,1,AfNE,1352419200000
L1_RET_121110,1,AfNE,1352505600000
L1_RET_121111,1,AfNE,1352592000000
L1_RET_121112,1,AfNE,1352678400000
L1_RET_121113,1,AfNE,1352764800000
L1_RET_121114,1,AfNE,1352851200000
L1_RET_121115,1,AfNE,1352937600000
L1_RET_121116,1,AfNE,1353024000000
L1_RET_121117,1,AfNE,1353110400000
L1_RET_121118,1,AfNE,1353196800000
L1_RET_121119,1,AfNE,1353283200000
L1_RET_121120,1,AfNE,1353369600000
L1_RET_121121,1,AfNE,1353456000000
L1_RET_121122,1,AfNE,1353542400000
L1_RET_121123,1,AfNE,1353628800000
L1_RET_121124,1,AfNE,1353715200000
L1_RET_121125,1,AfNE,1353801600000
L1_RET_121126,1,AfNE,1353888000000
L1_RET_121127,1,AfNE,1353974400000
L1_RET_121128,1,AfNE,1354060800000
L1_RET_121129,1,AfNE,1354147200000
L1_RET_121130,1,AfNE,1354233600000
L1_RET_121201,1,AfNE,1354320000000
L1_RET_121202,1,AfNE,1354406400000
L1_RET_121203,1,AfNE,1354492800000
L1_RET_121204,1,AfNE,1354579200000
L1_RET_121205,1,AfNE,1354665600000
L1_RET_121206,1,AfNE,1354752000000
L1_RET_121207,1,AfNE,1354838400000
L1_RET_121208,1,AfNE,1354924800000
L1_RET_121209,1,AfNE,1355011200000
L1_RET_121210,1,AfNE,1355097600000
L1_RET_121211,1,AfNE,1355184000000
L1_RET_121212,1,AfNE,1355270400000
L1_RET_121213,1,AfNE,1355356800000
L1_RET_121214,1,AfNE,1355443200000
L1_RET_121215,1,AfNE,1355529600000
L1_RET_121216,1,AfNE,1355616000000
L1_RET_121217,1,AfNE,1355702400000
L1_RET_121218,1,AfNE,1355788800000
L1_RET_121219,1,AfNE,1355875200000
L1_RET_121220,1,AfNE,1355961600000
L1_RET_121221,1,AfNE,1356048000000
L1_RET_121222,1,AfNE,1356134400000
L1_RET_121223,1,AfNE,1356220800000
L1_RET_121224,1,AfNE,1356307200000
L1_RET_121225,1,AfNE,1356393600000
L1_RET_121226,1,AfNE,1356480000000
L1_RET_121227,1,AfNE,1356566400000
L1_RET_121228,1,AfNE,1356652800000
L1_RET_121229,1,AfNE,1356739200000
L1_RET_121230,1,AfNE,1356825600000
L1_RET_121231,1,AfNE,1356912000000
L1_RET_130101,1,AfNE,1356998400000
L1_RET_130102,1,AfNE,1357084800000
L1_RET_130103,1,AfNE,1357171200000
L1_RET_130104,1,AfNE,1357257600000
L1_RET_130105,1,AfNE,1357344000000
L1_RET_130106,1,AfNE,1357430400000
L1_RET_130107,1,AfNE,1357516800000
L1_RET_130108,1,AfNE,1357603200000
L1_RET_130109,1,AfNE,1357689600000
L1_RET_130110,1,AfNE,1357776000000
L1_RET_130111,1,AfNE,1357862400000
L1_RET_130112,1,AfNE,1357948800000
L1_RET_130113,1,AfNE,1358035200000
L1_RET_130114,1,AfNE,1358121600000
L1_RET_130115,1,AfNE,1358208000000
L1_RET_130116,1,AfNE,1358294400000
L1_RET_130117,1,AfNE,1358380800000
L1_RET_130118,1,AfNE,1358467200000
L1_RET_130119,1,AfNE,1358553600000
L1_RET_130120,1,AfNE,1358640000000
L1_RET_130121,1,AfNE,1358726400000
L1_RET_130122,1,AfNE,1358812800000
L1_RET_130123,1,AfNE,1358899200000
L1_RET_130124,1,AfNE,1358985600000
L1_RET_130125,1,AfNE,1359072000000
L1_RET_130126,1,AfNE,1359158400000
L1_RET_130127,1,AfNE,1359244800000
L1_RET_130128,1,AfNE,1359331200000
L1_RET_130129,1,AfNE,1359417600000
L1_RET_130130,1,AfNE,1359504000000
L1_RET_130131,1,AfNE,1359590400000
L1_RET_130201,1,AfNE,1359676800000
L1_RET_130202,1,AfNE,1359763200000
L1_RET_130203,1,AfNE,1359849600000
L1_RET_130204,1,AfNE,1359936000000
L1_RET_130205,1,AfNE,1360022400000
L1_RET_130206,1,AfNE,1360108800000
L1_RET_130207,1,AfNE,1360195200000
L1_RET_130208,1,AfNE,1360281600000
L1_RET_130209,1,AfNE,1360368000000
L1_RET_130210,1,AfNE,1360454400000
L1_RET_130211,1,AfNE,1360540800000
L1_RET_130212,1,AfNE,1360627200000
L1_RET_130213,1,AfNE,1360713600000
L1_RET_130214,1,AfNE,1360800000000
L1_RET_130215,1,AfNE,1360886400000
L1_RET_130216,1,AfNE,1360972800000
L1_RET_130217,1,AfNE,1361059200000
L1_RET_130218,1,AfNE,1361145600000
L1_RET_130219,1,AfNE,1361232000000
L1_RET_130220,1,AfNE,1361318400000
L1_RET_130221,1,AfNE,1361404800000
L1_RET_130222,1,AfNE,1361491200000
L1_RET_130223,1,AfNE,1361577600000
L1_RET_130224,1,AfNE,1361664000000
L1_RET_130225,1,AfNE,1361750400000
L1_RET_130226,1,AfNE,1361836800000
L1_RET_130227,1,AfNE,1361923200000
L1_RET_130228,1,AfNE,1362009600000
L1_RET_130301,1,AfNE,1362096000000
L1_RET_130302,1,AfNE,1362182400000
L1_RET_130303,1,AfNE,1362268800000
L1_RET_130304,1,AfNE,1362355200000
L1_RET_130305,1,AfNE,1362441600000
L1_RET_130306,1,AfNE,1362528000000
L1_RET_130307,1,AfNE,1362614400000
L1_RET_130308,1,AfNE,1362700800000
L1_RET_130309,1,AfNE,1362787200000
L1_RET_130310,1,AfNE,1362873600000
L1_RET_130311,1,AfNE,1362960000000
L1_RET_130312,1,AfNE,1363046400000
L1_RET_130313,1,AfNE,1363132800000
L1_RET_130314,1,AfNE,1363219200000
L1_RET_130315,1,AfNE,1363305600000
L1_RET_130316,1,AfNE,1363392000000
L1_RET_130317,1,AfNE,1363478400000
L1_RET_130318,1,AfNE,1363564800000
L1_RET_130319,1,AfNE,1363651200000
L1_RET_130320,1,AfNE,1363737600000
L1_RET_130321,1,AfNE,1363824000000
L1_RET_130322,1,AfNE,1363910400000
L1_RET_130323,1,AfNE,1363996800000
L1_RET_130324,1,AfNE,1364083200000
L1_RET_130325,1,AfNE,1364169600000
L1_RET_130326,1,AfNE,1364256000000
L1_RET_130327,1,AfNE,1364342400000
L1_RET_130328,1,AfNE,1364428800000
L1_RET_130329,1,AfNE,1364515200000
L1_RET_130330,1,AfNE,1364601600000
L1_RET_130331,1,AfNE,1364688000000
L1_RET_130401,1,AfNE,1364774400000
L1_RET_130402,1,AfNE,1364860800000
L1_RET_130403,1,AfNE,1364947200000
L1_RET_130404,1,AfNE,1365033600000
L1_RET_130405,1,AfNE,1365120000000
L1_RET_130406,1,AfNE,1365206400000
L1_RET_130407,1,AfNE,1365292800000
L1_RET_130408,1,AfNE,1365379200000
L1_RET_130409,1,AfNE,1365465600000
L1_RET_130410,1,AfNE,1365552000000
L1_RET_130411,1,AfNE,1365638400000
L1_RET_130412,1,AfNE,1365724800000
L1_RET_130413,1,AfNE,1365811200000
L1_RET_130414,1,AfNE,1365897600000
L1_RET_130415,1,AfNE,1365984000000
L1_RET_130416,1,AfNE,1366070400000
L1_RET_130417,1,AfNE,1366156800000
L1_RET_130418,1,AfNE,1366243200000
L1_RET_130419,1,AfNE,1366329600000
L1_RET_130420,1,AfNE,1366416000000
L1_RET_130421,1,AfNE,1366502400000
L1_RET_130422,1,AfNE,1366588800000
L1_RET_130423,1,AfNE,1366675200000
L1_RET_130424,1,AfNE,1366761600000
L1_RET_130425,1,AfNE,1366848000000
L1_RET_130426,1,AfNE,1366934400000
L1_RET_130427,1,AfNE,1367020800000
L1_RET_130428,1,AfNE,1367107200000
L1_RET_130429,1,AfNE,1367193600000
L1_RET_130430,1,AfNE,1367280000000
L1_RET_130501,1,AfNE,1367366400000
L1_RET_130502,1,AfNE,1367452800000
L1_RET_130503,1,AfNE,1367539200000
L1_RET_130504,1,AfNE,1367625600000
L1_RET_130505,1,AfNE,1367712000000
L1_RET_130506,1,AfNE,1367798400000
L1_RET_130507,1,AfNE,1367884800000
L1_RET_130508,1,AfNE,1367971200000
L1_RET_130509,1,AfNE,1368057600000
L1_RET_130510,1,AfNE,1368144000000
L1_RET_130511,1,AfNE,1368230400000
L1_RET_130512,1,AfNE,1368316800000
L1_RET_130513,1,AfNE,1368403200000
L1_RET_130514,1,AfNE,1368489600000
L1_RET_130515,1,AfNE,1368576000000
L1_RET_130516,1,AfNE,1368662400000
L1_RET_130517,1,AfNE,1368748800000
L1_RET_130518,1,AfNE,1368835200000
L1_RET_130519,1,AfNE,1368921600000
L1_RET_130520,1,AfNE,1369008000000
L1_RET_130521,1,AfNE,1369094400000
L1_RET_130522,1,AfNE,1369180800000
L1_RET_130523,1,AfNE,1369267200000
L1_RET_130524,1,AfNE,1369353600000
L1_RET_130525,1,AfNE,1369440000000
L1_RET_130526,1,AfNE,1369526400000
L1_RET_130527,1,AfNE,1369612800000
L1_RET_130528,1,AfNE,1369699200000
L1_RET_130529,1,AfNE,1369785600000
L1_RET_130530,1,AfNE,1369872000000
L1_RET_130531,1,AfNE,1369958400000
L1_RET_130601,1,AfNE,1370044800000
L1_RET_130602,1,AfNE,1370131200000
L1_RET_130603,1,AfNE,1370217600000
L1_RET_130604,1,AfNE,1370304000000
L1_RET_130605,1,AfNE,1370390400000
L1_RET_130606,1,AfNE,1370476800000
L1_RET_130607,1,AfNE,1370563200000
L1_RET_130608,1,AfNE,1370649600000
L1_RET_130609,1,AfNE,1370736000000
L1_RET_130610,1,AfNE,1370822400000
L1_RET_130611,1,AfNE,1370908800000
L1_RET_130612,1,AfNE,1370995200000
L1_RET_130613,1,AfNE,1371081600000
L1_RET_130614,1,AfNE,1371168000000
L1_RET_130615,1,AfNE,1371254400000
L1_RET_130616,1,AfNE,1371340800000
L1_RET_130617,1,AfNE,1371427200000
L1_RET_130618,1,AfNE,1371513600000
L1_RET_130619,1,AfNE,1371600000000
L1_RET_130620,1,AfNE,1371686400000
L1_RET_130621,1,AfNE,1371772800000
L1_RET_130622,1,AfNE,1371859200000
L1_RET_130623,1,AfNE,1371945600000
L1_RET_130624,1,AfNE,1372032000000
L1_RET_130625,1,AfNE,1372118400000
L1_RET_130626,1,AfNE,1372204800000
L1_RET_130627,1,AfNE,1372291200000
L1_RET_130628,1,AfNE,1372377600000
L1_RET_130629,1,AfNE,1372464000000
L1_RET_130630,1,AfNE,1372550400000
L1_RET_130701,1,AfNE,1372636800000
L1_RET_130702,1,AfNE,1372723200000
L1_RET_130703,1,AfNE,1372809600000
L1_RET_130704,1,AfNE,1372896000000
L1_RET_130705,1,AfNE,1372982400000
L1_RET_130706,1,AfNE,1373068800000
L1_RET_130707,1,AfNE,1373155200000
L1_RET_130708,1,AfNE,1373241600000
L1_RET_130709,1,AfNE,1373328000000
L1_RET_130710,1,AfNE,1373414400000
L1_RET_130711,1,AfNE,1373500800000
L1_RET_130712,1,AfNE,1373587200000
L1_RET_130713,1,AfNE,1373673600000
L1_RET_130714,1,AfNE,1373760000000
L1_RET_130715,1,AfNE,1373846400000
L1_RET_130716,1,AfNE,1373932800000
L1_RET_130717,1,AfNE,1374019200000
L1_RET_130718,1,AfNE,1374105600000
L1_RET_130719,1,AfNE,1374192000000
L1_RET_130720,1,AfNE,1374278400000
L1_RET_130721,1,AfNE,1374364800000
L1_RET_130722,1,AfNE,1374451200000
L1_RET_130723,1,AfNE,1374537600000
L1_RET_130724,1,AfNE,1374624000000
L1_RET_130725,1,AfNE,1374710400000
L1_RET_130726,1,AfNE,1374796800000
L1_RET_130727,1,AfNE,1374883200000
L1_RET_130728,1,AfNE,1374969600000
L1_RET_130729,1,AfNE,1375056000000
L1_RET_130730,1,AfNE,1375142400000
L1_RET_130731,1,AfNE,1375228800000
L1_RET_130801,1,AfNE,1375315200000
L1_RET_130802,1,AfNE,1375401600000
L1_RET_130803,1,AfNE,1375488000000
L1_RET_130804,1,AfNE,1375574400000
L1_RET_130805,1,AfNE,1375660800000
L1_RET_130806,1,AfNE,1375747200000
L1_RET_130807,1,AfNE,1375833600000
L1_RET_130808,1,AfNE,1375920000000
L1_RET_130809,1,AfNE,1376006400000
L1_RET_130810,1,AfNE,1376092800000
L1_RET_130811,1,AfNE,1376179200000
L1_RET_130812,1,AfNE,1376265600000
L1_RET_130813,1,AfNE,1376352000000
L1_RET_130814,1,AfNE,1376438400000
L1_RET_130815,1,AfNE,1376524800000
L1_RET_130816,1,AfNE,1376611200000
L1_RET_130817,1,AfNE,1376697600000
L1_RET_130818,1,AfNE,1376784000000
L1_RET_130819,1,AfNE,1376870400000
L1_RET_130820,1,AfNE,1376956800000
L1_RET_130821,1,AfNE,1377043200000
L1_RET_130822,1,AfNE,1377129600000
L1_RET_130823,1,AfNE,1377216000000
L1_RET_130824,1,AfNE,1377302400000
L1_RET_130825,1,AfNE,1377388800000
L1_RET_130826,1,AfNE,1377475200000
L1_RET_130827,1,AfNE,1377561600000
L1_RET_130828,1,AfNE,1377648000000
L1_RET_130829,1,AfNE,1377734400000
L1_RET_130830,1,AfNE,1377820800000
L1_RET_130831,1,AfNE,1377907200000
L1_RET_130901,1,AfNE,1377993600000
L1_RET_130902,1,AfNE,1378080000000
L1_RET_130903,1,AfNE,1378166400000
L1_RET_130904,1,AfNE,1378252800000
L1_RET_130905,1,AfNE,1378339200000
L1_RET_130906,1,AfNE,1378425600000
L1_RET_130907,1,AfNE,1378512000000
L1_RET_130908,1,AfNE,1378598400000
L1_RET_130909,1,AfNE,1378684800000
L1_RET_130910,1,AfNE,1378771200000
L1_RET_130911,1,AfNE,1378857600000
L1_RET_130912,1,AfNE,1378944000000
L1_RET_130913,1,AfNE,1379030400000
L1_RET_130914,1,AfNE,1379116800000
L1_RET_130915,1,AfNE,1379203200000
L1_RET_130916,1,AfNE,1379289600000
L1_RET_130917,1,AfNE,1379376000000
L1_RET_130918,1,AfNE,1379462400000
L1_RET_130919,1,AfNE,1379548800000
L1_RET_130920,1,AfNE,1379635200000
L1_RET_130921,1,AfNE,1379721600000
L1_RET_130922,1,AfNE,1379808000000
L1_RET_130923,1,AfNE,1379894400000
L1_RET_130924,1,AfNE,1379980800000
L1_RET_130925,1,AfNE,1380067200000
L1_RET_130926,1,AfNE,1380153600000
L1_RET_130927,1,AfNE,1380240000000
L1_RET_130928,1,AfNE,1380326400000
L1_RET_130929,1,AfNE,1380412800000
L1_RET_130930,1,AfNE,1380499200000
L1_RET_131001,1,AfNE,1380585600000
L1_RET_131002,1,AfNE,1380672000000
L1_RET_131003,1,AfNE,1380758400000
L1_RET_131004,1,AfNE,1380844800000
L1_RET_131005,1,AfNE,1380931200000
L1_RET_131006,1,AfNE,1381017600000
L1_RET_131007,1,AfNE,1381104000000
L1_RET_131008,1,AfNE,1381190400000
L1_RET_131009,1,AfNE,1381276800000
L1_RET_131010,1,AfNE,1381363200000
L1_RET_131011,1,AfNE,1381449600000
L1_RET_131012,1,AfNE,1381536000000
L1_RET_131013,1,AfNE,1381622400000
L1_RET_131014,1,AfNE,1381708800000
L1_RET_131015,1,AfNE,1381795200000
L1_RET_131016,1,AfNE,1381881600000
L1_RET_131017,1,AfNE,1381968000000
L1_RET_131018,1,AfNE,1382054400000
L1_RET_131019,1,AfNE,1382140800000
L1_RET_131020,1,AfNE,1382227200000
L1_RET_131021,1,AfNE,1382313600000
L1_RET_131022,1,AfNE,1382400000000
L1_RET_131023,1,AfNE,1382486400000
L1_RET_131024,1,AfNE,1382572800000
L1_RET_131025,1,AfNE,1382659200000
L1_RET_131026,1,AfNE,1382745600000
L1_RET_131027,1,AfNE,1382832000000
L1_RET_131028,1,AfNE,1382918400000
L1_RET_131029,1,AfNE,1383004800000
L1_RET_131030,1,AfNE,1383091200000
L1_RET_131031,1,AfNE,1383177600000
L1_RET_131101,1,AfNE,1383264000000
L1_RET_131102,1,AfNE,1383350400000
L1_RET_131103,1,AfNE,1383436800000
L1_RET_131104,1,AfNE,1383523200000
L1_RET_131105,1,AfNE,1383609600000
L1_RET_131106,1,AfNE,1383696000000
L1_RET_131107,1,AfNE,1383782400000
L1_RET_131108,1,AfNE,1383868800000
L1_RET_131109,1,AfNE,1383955200000
L1_RET_131110,1,AfNE,1384041600000
L1_RET_131111,1,AfNE,1384128000000
L1_RET_131112,1,AfNE,1384214400000
L1_RET_131113,1,AfNE,1384300800000
L1_RET_131114,1,AfNE,1384387200000
L1_RET_131115,1,AfNE,1384473600000
L1_RET_131116,1,AfNE,1384560000000
L1_RET_131117,1,AfNE,1384646400000
L1_RET_131118,1,AfNE,1384732800000
L1_RET_131119,1,AfNE,1384819200000
L1_RET_131120,1,AfNE,1384905600000
L1_RET_131121,1,AfNE,1384992000000
L1_RET_131122,1,AfNE,1385078400000
L1_RET_131123,1,AfNE,1385164800000
L1_RET_131124,1,AfNE,1385251200000
L1_RET_131125,1,AfNE,1385337600000
L1_RET_131126,1,AfNE,1385424000000
L1_RET_131127,1,AfNE,1385510400000
L1_RET_131128,1,AfNE,1385596800000
L1_RET_131129,1,AfNE,1385683200000
L1_RET_131130,1,AfNE,1385769600000
L1_RET_131201,1,AfNE,1385856000000
L1_RET_131202,1,AfNE,1385942400000
L1_RET_131203,1,AfNE,1386028800000
L1_RET_131204,1,AfNE,1386115200000
L1_RET_131205,1,AfNE,1386201600000
L1_RET_131206,1,AfNE,1386288000000
L1_RET_131207,1,AfNE,1386374400000
L1_RET_131208,1,AfNE,1386460800000
L1_RET_131209,1,AfNE,1386547200000
L1_RET_131210,1,AfNE,1386633600000
L1_RET_131211,1,AfNE,1386720000000
L1_RET_131212,1,AfNE,1386806400000
L1_RET_131213,1,AfNE,1386892800000
L1_RET_131214,1,AfNE,1386979200000
L1_RET_131215,1,AfNE,1387065600000
L1_RET_131216,1,AfNE,1387152000000
L1_RET_131217,1,AfNE,1387238400000
L1_RET_131218,1,AfNE,1387324800000
L1_RET_131219,1,AfNE,1387411200000
L1_RET_131220,1,AfNE,1387497600000
L1_RET_131221,1,AfNE,1387584000000
L1_RET_131222,1,AfNE,1387670400000
L1_RET_131223,1,AfNE,1387756800000
L1_RET_131224,1,AfNE,1387843200000
L1_RET_131225,1,AfNE,1387929600000
L1_RET_131226,1,AfNE,1388016000000
L1_RET_131227,1,AfNE,1388102400000
L1_RET_131228,1,AfNE,1388188800000
L1_RET_131229,1,AfNE,1388275200000
L1_RET_131230,1,AfNE,1388361600000
L1_RET_131231,1,AfNE,1388448000000
L1_RET_140101,1,AfNE,1388534400000
L1_RET_140102,1,AfNE,1388620800000
L1_RET_140103,1,AfNE,1388707200000
L1_RET_140104,1,AfNE,1388793600000
L1_RET_140105,1,AfNE,1388880000000
L1_RET_140106,1,AfNE,1388966400000
L1_RET_140107,1,AfNE,1389052800000
L1_RET_140108,1,AfNE,1389139200000
L1_RET_140109,1,AfNE,1389225600000
L1_RET_140110,1,AfNE,1389312000000
L1_RET_140111,1,AfNE,1389398400000
L1_RET_140112,1,AfNE,1389484800000
L1_RET_140113,1,AfNE,1389571200000
L1_RET_140114,1,AfNE,1389657600000
L1_RET_140115,1,AfNE,1389744000000
L1_RET_140116,1,AfNE,1389830400000
L1_RET_140117,1,AfNE,1389916800000
L1_RET_140118,1,AfNE,1390003200000
L1_RET_140119,1,AfNE,1390089600000
L1_RET_140120,1,AfNE,1390176000000
L1_RET_140121,1,AfNE,1390262400000
L1_RET_140122,1,AfNE,1390348800000
L1_RET_140123,1,AfNE,1390435200000
L1_RET_140124,1,AfNE,1390521600000
L1_RET_140125,1,AfNE,1390608000000
L1_RET_140126,1,AfNE,1390694400000
L1_RET_140127,1,AfNE,1390780800000
L1_RET_140128,1,AfNE,1390867200000
L1_RET_140129,1,AfNE,1390953600000
L1_RET_140130,1,AfNE,1391040000000
L1_RET_140131,1,AfNE,1391126400000
L1_RET_140201,1,AfNE,1391212800000
L1_RET_140202,1,AfNE,1391299200000
L1_RET_140203,1,AfNE,1391385600000
L1_RET_140204,1,AfNE,1391472000000
L1_RET_140205,1,AfNE,1391558400000
L1_RET_140206,1,AfNE,1391644800000
L1_RET_140207,1,AfNE,1391731200000
L1_RET_140208,1,AfNE,1391817600000
L1_RET_140209,1,AfNE,1391904000000
L1_RET_140210,1,AfNE,1391990400000
L1_RET_140211,1,AfNE,1392076800000
L1_RET_140212,1,AfNE,1392163200000
L1_RET_140213,1,AfNE,1392249600000
L1_RET_140214,1,AfNE,1392336000000
L1_RET_140215,1,AfNE,1392422400000
L1_RET_140216,1,AfNE,1392508800000
L1_RET_140217,1,AfNE,1392595200000
L1_RET_140218,1,AfNE,1392681600000
L1_RET_140219,1,AfNE,1392768000000
L1_RET_140220,1,AfNE,1392854400000
L1_RET_140221,1,AfNE,1392940800000
L1_RET_140222,1,AfNE,1393027200000
L1_RET_140223,1,AfNE,1393113600000
L1_RET_140224,1,AfNE,1393200000000
L1_RET_140225,1,AfNE,1393286400000
L1_RET_140226,1,AfNE,1393372800000
L1_RET_140227,1,AfNE,1393459200000
L1_RET_140228,1,AfNE,1393545600000
L1_RET_140301,1,AfNE,1393632000000
L1_RET_140302,1,AfNE,1393718400000
L1_RET_140303,1,AfNE,1393804800000
L1_RET_140304,1,AfNE,1393891200000
L1_RET_140305,1,AfNE,1393977600000
L1_RET_140306,1,AfNE,1394064000000
L1_RET_140307,1,AfNE,1394150400000
L1_RET_140308,1,AfNE,1394236800000
L1_RET_140309,1,AfNE,1394323200000
L1_RET_140310,1,AfNE,1394409600000
L1_RET_140311,1,AfNE,1394496000000
L1_RET_140312,1,AfNE,1394582400000
L1_RET_140313,1,AfNE,1394668800000
L1_RET_140314,1,AfNE,1394755200000
L1_RET_140315,1,AfNE,1394841600000
L1_RET_140316,1,AfNE,1394928000000
L1_RET_140317,1,AfNE,1395014400000
L1_RET_140318,1,AfNE,1395100800000
L1_RET_140319,1,AfNE,1395187200000
L1_RET_140320,1,AfNE,1395273600000
L1_RET_140321,1,AfNE,1395360000000
L1_RET_140322,1,AfNE,1395446400000
L1_RET_140323,1,AfNE,1395532800000
L1_RET_140324,1,AfNE,1395619200000
L1_RET_140325,1,AfNE,1395705600000
L1_RET_140326,1,AfNE,1395792000000
L1_RET_140327,1,AfNE,1395878400000
L1_RET_140328,1,AfNE,1395964800000
L1_RET_140329,1,AfNE,1396051200000
L1_RET_140330,1,AfNE,1396137600000
L1_RET_140331,1,AfNE,1396224000000
L1_RET_140401,1,AfNE,1396310400000
L1_RET_140402,1,AfNE,1396396800000
L1_RET_140403,1,AfNE,1396483200000
L1_RET_140404,1,AfNE,1396569600000
L1_RET_140405,1,AfNE,1396656000000
L1_RET_140406,1,AfNE,1396742400000
L1_RET_140407,1,AfNE,1396828800000
L1_RET_140408,1,AfNE,1396915200000
L1_RET_140409,1,AfNE,1397001600000
L1_RET_140410,1,AfNE,1397088000000
L1_RET_140411,1,AfNE,1397174400000
L1_RET_140412,1,AfNE,1397260800000
L1_RET_140413,1,AfNE,1397347200000
L1_RET_140414,1,AfNE,1397433600000
L1_RET_140415,1,AfNE,1397520000000
L1_RET_140416,1,AfNE,1397606400000
L1_RET_140417,1,AfNE,1397692800000
L1_RET_140418,1,AfNE,1397779200000
L1_RET_140419,1,AfNE,1397865600000
L1_RET_140420,1,AfNE,1397952000000
L1_RET_140421,1,AfNE,1398038400000
L1_RET_140422,1,AfNE,1398124800000
L1_RET_140423,1,AfNE,1398211200000
L1_RET_140424,1,AfNE,1398297600000
L1_RET_140425,1,AfNE,1398384000000
L1_RET_140426,1,AfNE,1398470400000
L1_RET_140427,1,AfNE,1398556800000
L1_RET_140428,1,AfNE,1398643200000
L1_RET_140429,1,AfNE,1398729600000
L1_RET_140430,1,AfNE,1398816000000
L1_RET_140501,1,AfNE,1398902400000
L1_RET_140502,1,AfNE,1398988800000
L1_RET_140503,1,AfNE,1399075200000
L1_RET_140504,1,AfNE,1399161600000
L1_RET_140505,1,AfNE,1399248000000
L1_RET_140506,1,AfNE,1399334400000
L1_RET_140507,1,AfNE,1399420800000
L1_RET_140508,1,AfNE,1399507200000
L1_RET_140509,1,AfNE,1399593600000
L1_RET_140510,1,AfNE,1399680000000
L1_RET_140511,1,AfNE,1399766400000
L1_RET_140512,1,AfNE,1399852800000
L1_RET_140513,1,AfNE,1399939200000
L1_RET_140514,1,AfNE,1400025600000
L1_RET_140515,1,AfNE,1400112000000
L1_RET_140516,1,AfNE,1400198400000
L1_RET_140517,1,AfNE,1400284800000
L1_RET_140518,1,AfNE,1400371200000
L1_RET_140519,1,AfNE,1400457600000
L1_RET_140520,1,AfNE,1400544000000
L1_RET_140521,1,AfNE,1400630400000
L1_RET_140522,1,AfNE,1400716800000
L1_RET_140523,1,AfNE,1400803200000
L1_RET_140524,1,AfNE,1400889600000
L1_RET_140525,1,AfNE,1400976000000
L1_RET_140526,1,AfNE,1401062400000
L1_RET_140527,1,AfNE,1401148800000
L1_RET_140528,1,AfNE,1401235200000
L1_RET_140529,1,AfNE,1401321600000
L1_RET_140530,1,AfNE,1401408000000
L1_RET_140531,1,AfNE,1401494400000
L1_RET_140601,1,AfNE,1401580800000
L1_RET_140602,1,AfNE,1401667200000
L1_RET_140603,1,AfNE,1401753600000
L1_RET_140604,1,AfNE,1401840000000
L1_RET_140605,1,AfNE,1401926400000
L1_RET_140606,1,AfNE,1402012800000
L1_RET_140607,1,AfNE,1402099200000
L1_RET_140608,1,AfNE,1402185600000
L1_RET_140609,1,AfNE,1402272000000
L1_RET_140610,1,AfNE,1402358400000
L1_RET_140611,1,AfNE,1402444800000
L1_RET_140612,1,AfNE,1402531200000
L1_RET_140613,1,AfNE,1402617600000
L1_RET_140614,1,AfNE,1402704000000
L1_RET_140615,1,AfNE,1402790400000
L1_RET_140616,1,AfNE,1402876800000
L1_RET_140617,1,AfNE,1402963200000
L1_RET_140618,1,AfNE,1403049600000
L1_RET_140619,1,AfNE,1403136000000
L1_RET_140620,1,AfNE,1403222400000
L1_RET_140621,1,AfNE,1403308800000
L1_RET_140622,1,AfNE,1403395200000
L1_RET_140623,1,AfNE,1403481600000
L1_RET_140624,1,AfNE,1403568000000
L1_RET_140625,1,AfNE,1403654400000
L1_RET_140626,1,AfNE,1403740800000
L1_RET_140627,1,AfNE,1403827200000
L1_RET_140628,1,AfNE,1403913600000
L1_RET_140629,1,AfNE,1404000000000
L1_RET_140630,1,AfNE,1404086400000
L1_RET_140701,1,AfNE,1404172800000
L1_RET_140702,1,AfNE,1404259200000
L1_RET_140703,1,AfNE,1404345600000
L1_RET_140704,1,AfNE,1404432000000
L1_RET_140705,1,AfNE,1404518400000
L1_RET_140706,1,AfNE,1404604800000
L1_RET_140707,1,AfNE,1404691200000
L1_RET_140708,1,AfNE,1404777600000
L1_RET_140709,1,AfNE,1404864000000
L1_RET_140710,1,AfNE,1404950400000
L1_RET_140711,1,AfNE,1405036800000
L1_RET_140712,1,AfNE,1405123200000
L1_RET_140713,1,AfNE,1405209600000
L1_RET_140714,1,AfNE,1405296000000
L1_RET_140715,1,AfNE,1405382400000
L1_RET_140716,1,AfNE,1405468800000
L1_RET_140717,1,AfNE,1405555200000
L1_RET_140718,1,AfNE,1405641600000
L1_RET_140719,1,AfNE,1405728000000
L1_RET_140720,1,AfNE,1405814400000
L1_RET_140721,1,AfNE,1405900800000
L1_RET_140722,1,AfNE,1405987200000
L1_RET_140723,1,AfNE,1406073600000
L1_RET_140724,1,AfNE,1406160000000
L1_RET_140725,1,AfNE,1406246400000
L1_RET_140726,1,AfNE,1406332800000
L1_RET_140727,1,AfNE,1406419200000
L1_RET_140728,1,AfNE,1406505600000
L1_RET_140729,1,AfNE,1406592000000
L1_RET_140730,1,AfNE,1406678400000
L1_RET_140731,1,AfNE,1406764800000
L1_RET_140801,1,AfNE,1406851200000
L1_RET_140802,1,AfNE,1406937600000
L1_RET_140803,1,AfNE,1407024000000
L1_RET_140804,1,AfNE,1407110400000
L1_RET_140805,1,AfNE,1407196800000
L1_RET_140806,1,AfNE,1407283200000
L1_RET_140807,1,AfNE,1407369600000
L1_RET_140808,1,AfNE,1407456000000
L1_RET_140809,1,AfNE,1407542400000
L1_RET_140810,1,AfNE,1407628800000
L1_RET_140811,1,AfNE,1407715200000
L1_RET_140812,1,AfNE,1407801600000
L1_RET_140813,1,AfNE,1407888000000
L1_RET_140814,1,AfNE,1407974400000
L1_RET_140815,1,AfNE,1408060800000
L1_RET_140816,1,AfNE,1408147200000
L1_RET_140817,1,AfNE,1408233600000
L1_RET_140818,1,AfNE,1408320000000
L1_RET_140819,1,AfNE,1408406400000
L1_RET_140820,1,AfNE,1408492800000
L1_RET_140821,1,AfNE,1408579200000
L1_RET_140822,1,AfNE,1408665600000
L1_RET_140823,1,AfNE,1408752000000
L1_RET_140824,1,AfNE,1408838400000
L1_RET_140825,1,AfNE,1408924800000
L1_RET_140826,1,AfNE,1409011200000
L1_RET_140827,1,AfNE,1409097600000
L1_RET_140828,1,AfNE,1409184000000
L1_RET_140829,1,AfNE,1409270400000
L1_RET_140830,1,AfNE,1409356800000
L1_RET_140831,1,AfNE,1409443200000
L1_RET_140901,1,AfNE,1409529600000
L1_RET_140902,1,AfNE,1409616000000
L1_RET_140903,1,AfNE,1409702400000
L1_RET_140904,1,AfNE,1409788800000
L1_RET_140905,1,AfNE,1409875200000
L1_RET_140906,1,AfNE,1409961600000
L1_RET_140907,1,AfNE,1410048000000
L1_RET_140908,1,AfNE,1410134400000
L1_RET_140909,1,AfNE,1410220800000
L1_RET_140910,1,AfNE,1410307200000
L1_RET_140911,1,AfNE,1410393600000
L1_RET_140912,1,AfNE,1410480000000
L1_RET_140913,1,AfNE,1410566400000
L1_RET_140914,1,AfNE,1410652800000
L1_RET_140915,1,AfNE,1410739200000
L1_RET_140916,1,AfNE,1410825600000
L1_RET_140917,1,AfNE,1410912000000
L1_RET_140918,1,AfNE,1410998400000
L1_RET_140919,1,AfNE,1411084800000
L1_RET_140920,1,AfNE,1411171200000
L1_RET_140921,1,AfNE,1411257600000
L1_RET_140922,1,AfNE,1411344000000
L1_RET_140923,1,AfNE,1411430400000
L1_RET_140924,1,AfNE,1411516800000
L1_RET_140925,1,AfNE,1411603200000
L1_RET_140926,1,AfNE,1411689600000
L1_RET_140927,1,AfNE,1411776000000
L1_RET_140928,1,AfNE,1411862400000
L1_RET_140929,1,AfNE,1411948800000
L1_RET_140930,1,AfNE,1412035200000
L1_RET_141001,1,AfNE,1412121600000
L1_RET_141002,1,AfNE,1412208000000
L1_RET_141003,1,AfNE,1412294400000
L1_RET_141004,1,AfNE,1412380800000
L1_RET_141005,1,AfNE,1412467200000
L1_RET_141006,1,AfNE,1412553600000
L1_RET_141007,1,AfNE,1412640000000
L1_RET_141008,1,AfNE,1412726400000
L1_RET_141009,1,AfNE,1412812800000
L1_RET_141010,1,AfNE,1412899200000
L1_RET_141011,1,AfNE,1412985600000
L1_RET_141012,1,AfNE,1413072000000
L1_RET_141013,1,AfNE,1413158400000
L1_RET_141014,1,AfNE,1413244800000
L1_RET_141015,1,AfNE,1413331200000
L1_RET_141016,1,AfNE,1413417600000
L1_RET_141017,1,AfNE,1413504000000
L1_RET_141018,1,AfNE,1413590400000
L1_RET_141019,1,AfNE,1413676800000
L1_RET_141020,1,AfNE,1413763200000
L1_RET_141021,1,AfNE,1413849600000
L1_RET_141022,1,AfNE,1413936000000
L1_RET_141023,1,AfNE,1414022400000
L1_RET_141024,1,AfNE,1414108800000
L1_RET_141025,1,AfNE,1414195200000
L1_RET_141026,1,AfNE,1414281600000
L1_RET_141027,1,AfNE,1414368000000
L1_RET_141028,1,AfNE,1414454400000
L1_RET_141029,1,AfNE,1414540800000
L1_RET_141030,1,AfNE,1414627200000
L1_RET_141031,1,AfNE,1414713600000
L1_RET_141101,1,AfNE,1414800000000
L1_RET_141102,1,AfNE,1414886400000
L1_RET_141103,1,AfNE,1414972800000
L1_RET_141104,1,AfNE,1415059200000
L1_RET_141105,1,AfNE,1415145600000
L1_RET_141106,1,AfNE,1415232000000
L1_RET_141107,1,AfNE,1415318400000
L1_RET_141108,1,AfNE,1415404800000
L1_RET_141109,1,AfNE,1415491200000
L1_RET_141110,1,AfNE,1415577600000
L1_RET_141111,1,AfNE,1415664000000
L1_RET_141112,1,AfNE,1415750400000
L1_RET_141113,1,AfNE,1415836800000
L1_RET_141114,1,AfNE,1415923200000
L1_RET_141115,1,AfNE,1416009600000
L1_RET_141116,1,AfNE,1416096000000
L1_RET_141117,1,AfNE,1416182400000
L1_RET_141118,1,AfNE,1416268800000
L1_RET_141119,1,AfNE,1416355200000
L1_RET_141120,1,AfNE,1416441600000
L1_RET_141121,1,AfNE,1416528000000
L1_RET_141122,1,AfNE,1416614400000
L1_RET_141123,1,AfNE,1416700800000
L1_RET_141124,1,AfNE,1416787200000
L1_RET_141125,1,AfNE,1416873600000
L1_RET_141126,1,AfNE,1416960000000
L1_RET_141127,1,AfNE,1417046400000
L1_RET_141128,1,AfNE,1417132800000
L1_RET_141129,1,AfNE,1417219200000
L1_RET_141130,1,AfNE,1417305600000
L1_RET_141201,1,AfNE,1417392000000
L1_RET_141202,1,AfNE,1417478400000
L1_RET_141203,1,AfNE,1417564800000
L1_RET_141204,1,AfNE,1417651200000
L1_RET_141205,1,AfNE,1417737600000
L1_RET_141206,1,AfNE,1417824000000
L1_RET_141207,1,AfNE,1417910400000
L1_RET_141208,1,AfNE,1417996800000
L1_RET_141209,1,AfNE,1418083200000
L1_RET_141210,1,AfNE,1418169600000
L1_RET_141211,1,AfNE,1418256000000
L1_RET_141212,1,AfNE,1418342400000
L1_RET_141213,1,AfNE,1418428800000
L1_RET_141214,1,AfNE,1418515200000
L1_RET_141215,1,AfNE,1418601600000
L1_RET_141216,1,AfNE,1418688000000
L1_RET_141217,1,AfNE,1418774400000
L1_RET_141218,1,AfNE,1418860800000
L1_RET_141219,1,AfNE,1418947200000
L1_RET_141220,1,AfNE,1419033600000
L1_RET_141221,1,AfNE,1419120000000
L1_RET_141222,1,AfNE,1419206400000
L1_RET_141223,1,AfNE,1419292800000
L1_RET_141224,1,AfNE,1419379200000
L1_RET_141225,1,AfNE,1419465600000
L1_RET_141226,1,AfNE,1419552000000
L1_RET_141227,1,AfNE,1419638400000
L1_RET_141228,1,AfNE,1419724800000
L1_RET_141229,1,AfNE,1419811200000
L1_RET_141230,1,AfNE,1419897600000
L1_RET_141231,1,AfNE,1419984000000
L1_RET_150101,1,AfNE,1420070400000
L1_RET_150102,1,AfNE,1420156800000
L1_RET_150103,1,AfNE,1420243200000
L1_RET_150104,1,AfNE,1420329600000
L1_RET_150105,1,AfNE,1420416000000
L1_RET_150106,1,AfNE,1420502400000
L1_RET_150107,1,AfNE,1420588800000
L1_RET_150108,1,AfNE,1420675200000
L1_RET_150109,1,AfNE,1420761600000
L1_RET_150110,1,AfNE,1420848000000
L1_RET_150111,1,AfNE,1420934400000
L1_RET_150112,1,AfNE,1421020800000
L1_RET_150113,1,AfNE,1421107200000
L1_RET_150114,1,AfNE,1421193600000
L1_RET_150115,1,AfNE,1421280000000
L1_RET_150116,1,AfNE,1421366400000
L1_RET_150117,1,AfNE,1421452800000
L1_RET_150118,1,AfNE,1421539200000
L1_RET_150119,1,AfNE,1421625600000
L1_RET_150120,1,AfNE,1421712000000
L1_RET_150121,1,AfNE,1421798400000
L1_RET_150122,1,AfNE,1421884800000
L1_RET_150123,1,AfNE,1421971200000
L1_RET_150124,1,AfNE,1422057600000
L1_RET_150125,1,AfNE,1422144000000
L1_RET_150126,1,AfNE,1422230400000
L1_RET_150127,1,AfNE,1422316800000
L1_RET_150128,1,AfNE,1422403200000
L1_RET_150129,1,AfNE,1422489600000
L1_RET_150130,1,AfNE,1422576000000
L1_RET_150131,1,AfNE,1422662400000
L1_RET_150201,1,AfNE,1422748800000
L1_RET_150202,1,AfNE,1422835200000
L1_RET_150203,1,AfNE,1422921600000
L1_RET_150204,1,AfNE,1423008000000
L1_RET_150205,1,AfNE,1423094400000
L1_RET_150206,1,AfNE,1423180800000
L1_RET_150207,1,AfNE,1423267200000
L1_RET_150208,1,AfNE,1423353600000
L1_RET_150209,1,AfNE,1423440000000
L1_RET_150210,1,AfNE,1423526400000
L1_RET_150211,1,AfNE,1423612800000
L1_RET_150212,1,AfNE,1423699200000
L1_RET_150213,1,AfNE,1423785600000
L1_RET_150214,1,AfNE,1423872000000
L1_RET_150215,1,AfNE,1423958400000
L1_RET_150216,1,AfNE,1424044800000
L1_RET_150217,1,AfNE,1424131200000
L1_RET_150218,1,AfNE,1424217600000
L1_RET_150219,1,AfNE,1424304000000
L1_RET_150220,1,AfNE,1424390400000
L1_RET_150221,1,AfNE,1424476800000
L1_RET_150222,1,AfNE,1424563200000
L1_RET_150223,1,AfNE,1424649600000
L1_RET_150224,1,AfNE,1424736000000
L1_RET_150225,1,AfNE,1424822400000
L1_RET_150226,1,AfNE,1424908800000
L1_RET_150227,1,AfNE,1424995200000
L1_RET_150228,1,AfNE,1425081600000
L1_RET_150301,1,AfNE,1425168000000
L1_RET_150302,1,AfNE,1425254400000
L1_RET_150303,1,AfNE,1425340800000
L1_RET_150304,1,AfNE,1425427200000
L1_RET_150305,1,AfNE,1425513600000
L1_RET_150306,1,AfNE,1425600000000
L1_RET_150307,1,AfNE,1425686400000
L1_RET_150308,1,AfNE,1425772800000
L1_RET_150309,1,AfNE,1425859200000
L1_RET_150310,1,AfNE,1425945600000
L1_RET_150311,1,AfNE,1426032000000
L1_RET_150312,1,AfNE,1426118400000
L1_RET_150313,1,AfNE,1426204800000
L1_RET_150314,1,AfNE,1426291200000
L1_RET_150315,1,AfNE,1426377600000
L1_RET_150316,1,AfNE,1426464000000
L1_RET_150317,1,AfNE,1426550400000
L1_RET_150318,1,AfNE,1426636800000
L1_RET_150319,1,AfNE,1426723200000
L1_RET_150320,1,AfNE,1426809600000
L1_RET_150321,1,AfNE,1426896000000
L1_RET_150322,1,AfNE,1426982400000
L1_RET_150323,1,AfNE,1427068800000
L1_RET_150324,1,AfNE,1427155200000
L1_RET_150325,1,AfNE,1427241600000
L1_RET_150326,1,AfNE,1427328000000
L1_RET_150327,1,AfNE,1427414400000
L1_RET_150328,1,AfNE,1427500800000
L1_RET_150329,1,AfNE,1427587200000
L1_RET_150330,1,AfNE,1427673600000
L1_RET_150331,1,AfNE,1427760000000
L1_RET_150401,1,AfNE,1427846400000
L1_RET_150402,1,AfNE,1427932800000
L1_RET_150403,1,AfNE,1428019200000
L1_RET_150404,1,AfNE,1428105600000
L1_RET_150405,1,AfNE,1428192000000
L1_RET_150406,1,AfNE,1428278400000
L1_RET_150407,1,AfNE,1428364800000
L1_RET_150408,1,AfNE,1428451200000
L1_RET_150409,1,AfNE,1428537600000
L1_RET_150410,1,AfNE,1428624000000
L1_RET_150411,1,AfNE,1428710400000
L1_RET_150412,1,AfNE,1428796800000
L1_RET_150413,1,AfNE,1428883200000
L1_RET_150414,1,AfNE,1428969600000
L1_RET_150415,1,AfNE,1429056000000
L1_RET_150416,1,AfNE,1429142400000
L1_RET_150417,1,AfNE,1429228800000
L1_RET_150418,1,AfNE,1429315200000
L1_RET_150419,1,AfNE,1429401600000
L1_RET_150420,1,AfNE,1429488000000
L1_RET_150421,1,AfNE,1429574400000
L1_RET_150422,1,AfNE,1429660800000
L1_RET_150423,1,AfNE,1429747200000
L1_RET_150424,1,AfNE,1429833600000
L1_RET_150425,1,AfNE,1429920000000
L1_RET_150426,1,AfNE,1430006400000
L1_RET_150427,1,AfNE,1430092800000
L1_RET_150428,1,AfNE,1430179200000
L1_RET_150429,1,AfNE,1430265600000
L1_RET_150430,1,AfNE,1430352000000
L1_RET_150501,1,AfNE,1430438400000
L1_RET_150502,1,AfNE,1430524800000
L1_RET_150503,1,AfNE,1430611200000
L1_RET_150504,1,AfNE,1430697600000
L1_RET_150505,1,AfNE,1430784000000
L1_RET_150506,1,AfNE,1430870400000
L1_RET_150507,1,AfNE,1430956800000
L1_RET_150508,1,AfNE,1431043200000
L1_RET_150509,1,AfNE,1431129600000
L1_RET_150510,1,AfNE,1431216000000
L1_RET_150511,1,AfNE,1431302400000
L1_RET_150512,1,AfNE,1431388800000
L1_RET_150513,1,AfNE,1431475200000
L1_RET_150514,1,AfNE,1431561600000
L1_RET_150515,1,AfNE,1431648000000
L1_RET_150516,1,AfNE,1431734400000
L1_RET_150517,1,AfNE,1431820800000
L1_RET_150518,1,AfNE,1431907200000
L1_RET_150519,1,AfNE,1431993600000
L1_RET_150520,1,AfNE,1432080000000
L1_RET_150521,1,AfNE,1432166400000
L1_RET_150522,1,AfNE,1432252800000
L1_RET_150523,1,AfNE,1432339200000
L1_RET_150524,1,AfNE,1432425600000
L1_RET_150525,1,AfNE,1432512000000
L1_RET_150526,1,AfNE,1432598400000
L1_RET_150527,1,AfNE,1432684800000
L1_RET_150528,1,AfNE,1432771200000
L1_RET_150529,1,AfNE,1432857600000
L1_RET_150530,1,AfNE,1432944000000
L1_RET_150531,1,AfNE,1433030400000
L1_RET_150601,1,AfNE,1433116800000
L1_RET_150602,1,AfNE,1433203200000
L1_RET_150603,1,AfNE,1433289600000
L1_RET_150604,1,AfNE,1433376000000
L1_RET_150605,1,AfNE,1433462400000
L1_RET_150606,1,AfNE,1433548800000
L1_RET_150607,1,AfNE,1433635200000
L1_RET_150608,1,AfNE,1433721600000
L1_RET_150609,1,AfNE,1433808000000
L1_RET_150610,1,AfNE,1433894400000
L1_RET_150611,1,AfNE,1433980800000
L1_RET_150612,1,AfNE,1434067200000
L1_RET_150613,1,AfNE,1434153600000
L1_RET_150614,1,AfNE,1434240000000
L1_RET_150615,1,AfNE,1434326400000
L1_RET_150616,1,AfNE,1434412800000
L1_RET_150617,1,AfNE,1434499200000
L1_RET_150618,1,AfNE,1434585600000
L1_RET_150619,1,AfNE,1434672000000
L1_RET_150620,1,AfNE,1434758400000
L1_RET_150621,1,AfNE,1434844800000
L1_RET_150622,1,AfNE,1434931200000
L1_RET_150623,1,AfNE,1435017600000
L1_RET_150624,1,AfNE,1435104000000
L1_RET_150625,1,AfNE,1435190400000
L1_RET_150626,1,AfNE,1435276800000
L1_RET_150627,1,AfNE,1435363200000
L1_RET_150628,1,AfNE,1435449600000
L1_RET_150629,1,AfNE,1435536000000
L1_RET_150630,1,AfNE,1435622400000
L1_RET_150701,1,AfNE,1435708800000
L1_RET_150702,1,AfNE,1435795200000
L1_RET_150703,1,AfNE,1435881600000
L1_RET_150704,1,AfNE,1435968000000
L1_RET_150705,1,AfNE,1436054400000
L1_RET_150706,1,AfNE,1436140800000
L1_RET_150707,1,AfNE,1436227200000
L1_RET_150708,1,AfNE,1436313600000
L1_RET_150709,1,AfNE,1436400000000
L1_RET_150710,1,AfNE,1436486400000
L1_RET_150711,1,AfNE,1436572800000
L1_RET_150712,1,AfNE,1436659200000
L1_RET_150713,1,AfNE,1436745600000
L1_RET_150714,1,AfNE,1436832000000
L1_RET_150715,1,AfNE,1436918400000
L1_RET_150716,1,AfNE,1437004800000
L1_RET_150717,1,AfNE,1437091200000
L1_RET_150718,1,AfNE,1437177600000
L1_RET_150719,1,AfNE,1437264000000
L1_RET_150720,1,AfNE,1437350400000
L1_RET_150721,1,AfNE,1437436800000
L1_RET_150722,1,AfNE,1437523200000
L1_RET_150723,1,AfNE,1437609600000
L1_RET_150724,1,AfNE,1437696000000
L1_RET_150725,1,AfNE,1437782400000
L1_RET_150726,1,AfNE,1437868800000
L1_RET_150727,1,AfNE,1437955200000
L1_RET_150728,1,AfNE,1438041600000
L1_RET_150729,1,AfNE,1438128000000
L1_RET_150730,1,AfNE,1438214400000
L1_RET_150731,1,AfNE,1438300800000
L1_RET_150801,1,AfNE,1438387200000
L1_RET_150802,1,AfNE,1438473600000
L1_RET_150803,1,AfNE,1438560000000
L1_RET_150804,1,AfNE,1438646400000
L1_RET_150805,1,AfNE,1438732800000
L1_RET_150806,1,AfNE,1438819200000
L1_RET_150807,1,AfNE,1438905600000
L1_RET_150808,1,AfNE,1438992000000
L1_RET_150809,1,AfNE,1439078400000
L1_RET_150810,1,AfNE,1439164800000
L1_RET_150811,1,AfNE,1439251200000
L1_RET_150812,1,AfNE,1439337600000
L1_RET_150813,1,AfNE,1439424000000
L1_RET_150814,1,AfNE,1439510400000
L1_RET_150815,1,AfNE,1439596800000
L1_RET_150816,1,AfNE,1439683200000
L1_RET_150817,1,AfNE,1439769600000
L1_RET_150818,1,AfNE,1439856000000
L1_RET_150819,1,AfNE,1439942400000
L1_RET_150820,1,AfNE,1440028800000
L1_RET_150821,1,AfNE,1440115200000
L1_RET_150822,1,AfNE,1440201600000
L1_RET_150823,1,AfNE,1440288000000
L1_RET_150824,1,AfNE,1440374400000
L1_RET_150825,1,AfNE,1440460800000
L1_RET_150826,1,AfNE,1440547200000
L1_RET_150827,1,AfNE,1440633600000
L1_RET_150828,1,AfNE,1440720000000
L1_RET_150829,1,AfNE,1440806400000
L1_RET_150830,1,AfNE,1440892800000
L1_RET_150831,1,AfNE,1440979200000
L1_RET_150901,1,AfNE,1441065600000
L1_RET_150902,1,AfNE,1441152000000
L1_RET_150903,1,AfNE,1441238400000
L1_RET_150904,1,AfNE,1441324800000
L1_RET_150905,1,AfNE,1441411200000
L1_RET_150906,1,AfNE,1441497600000
L1_RET_150907,1,AfNE,1441584000000
L1_RET_150908,1,AfNE,1441670400000
L1_RET_150909,1,AfNE,1441756800000
L1_RET_150910,1,AfNE,1441843200000
L1_RET_150911,1,AfNE,1441929600000
L1_RET_150912,1,AfNE,1442016000000
L1_RET_150913,1,AfNE,1442102400000
L1_RET_150914,1,AfNE,1442188800000
L1_RET_150915,1,AfNE,1442275200000
L1_RET_150916,1,AfNE,1442361600000
L1_RET_150917,1,AfNE,1442448000000
L1_RET_150918,1,AfNE,1442534400000
L1_RET_150919,1,AfNE,1442620800000
L1_RET_150920,1,AfNE,1442707200000
L1_RET_150921,1,AfNE,1442793600000
L1_RET_150922,1,AfNE,1442880000000
L1_RET_150923,1,AfNE,1442966400000
L1_RET_150924,1,AfNE,1443052800000
L1_RET_150925,1,AfNE,1443139200000
L1_RET_150926,1,AfNE,1443225600000
L1_RET_150927,1,AfNE,1443312000000
L1_RET_150928,1,AfNE,1443398400000
L1_RET_150929,1,AfNE,1443484800000
L1_RET_150930,1,AfNE,1443571200000
L1_RET_151001,1,AfNE,1443657600000
L1_RET_151002,1,AfNE,1443744000000
L1_RET_151003,1,AfNE,1443830400000
L1_RET_151004,1,AfNE,1443916800000
L1_RET_151005,1,AfNE,1444003200000
L1_RET_151006,1,AfNE,1444089600000
L1_RET_151007,1,AfNE,1444176000000
L1_RET_151008,1,AfNE,1444262400000
L1_RET_151009,1,AfNE,1444348800000
L1_RET_151010,1,AfNE,1444435200000
L1_RET_151011,1,AfNE,1444521600000
L1_RET_151012,1,AfNE,1444608000000
L1_RET_151013,1,AfNE,1444694400000
L1_RET_151014,1,AfNE,1444780800000
L1_RET_151015,1,AfNE,1444867200000
L1_RET_151016,1,AfNE,1444953600000
L1_RET_151017,1,AfNE,1445040000000
L1_RET_151018,1,AfNE,1445126400000
L1_RET_151019,1,AfNE,1445212800000
L1_RET_151020,1,AfNE,1445299200000
L1_RET_151021,1,AfNE,1445385600000
L1_RET_151022,1,AfNE,1445472000000
L1_RET_151023,1,AfNE,1445558400000
L1_RET_151024,1,AfNE,1445644800000
L1_RET_151025,1,AfNE,1445731200000
L1_RET_151026,1,AfNE,1445817600000
L1_RET_151027,1,AfNE,1445904000000
L1_RET_151028,1,AfNE,1445990400000
L1_RET_151029,1,AfNE,1446076800000
L1_RET_151030,1,AfNE,1446163200000
L1_RET_151031,1,AfNE,1446249600000
L1_RET_151101,1,AfNE,1446336000000
L1_RET_151102,1,AfNE,1446422400000
L1_RET_151103,1,AfNE,1446508800000
L1_RET_151104,1,AfNE,1446595200000
L1_RET_151105,1,AfNE,1446681600000
L1_RET_151106,1,AfNE,1446768000000
L1_RET_151107,1,AfNE,1446854400000
L1_RET_151108,1,AfNE,1446940800000
L1_RET_151109,1,AfNE,1447027200000
L1_RET_151110,1,AfNE,1447113600000
L1_RET_151111,1,AfNE,1447200000000
L1_RET_151112,1,AfNE,1447286400000
L1_RET_151113,1,AfNE,1447372800000
L1_RET_151114,1,AfNE,1447459200000
L1_RET_151115,1,AfNE,1447545600000
L1_RET_151116,1,AfNE,1447632000000
L1_RET_151117,1,AfNE,1447718400000
L1_RET_151118,1,AfNE,1447804800000
L1_RET_151119,1,AfNE,1447891200000
L1_RET_151120,1,AfNE,1447977600000
L1_RET_151121,1,AfNE,1448064000000
L1_RET_151122,1,AfNE,1448150400000
L1_RET_151123,1,AfNE,1448236800000
L1_RET_151124,1,AfNE,1448323200000
L1_RET_151125,1,AfNE,1448409600000
L1_RET_151126,1,AfNE,1448496000000
L1_RET_151127,1,AfNE,1448582400000
L1_RET_151128,1,AfNE,1448668800000
L1_RET_151129,1,AfNE,1448755200000
L1_RET_151130,1,AfNE,1448841600000
L1_RET_151201,1,AfNE,1448928000000
L1_RET_151202,1,AfNE,1449014400000
L1_RET_151203,1,AfNE,1449100800000
L1_RET_151204,1,AfNE,1449187200000
L1_RET_151205,1,AfNE,1449273600000
L1_RET_151206,1,AfNE,1449360000000
L1_RET_151207,1,AfNE,1449446400000
L1_RET_151208,1,AfNE,1449532800000
L1_RET_151209,1,AfNE,1449619200000
L1_RET_151210,1,AfNE,1449705600000
L1_RET_151211,1,AfNE,1449792000000
L1_RET_151212,1,AfNE,1449878400000
L1_RET_151213,1,AfNE,1449964800000
L1_RET_151214,1,AfNE,1450051200000
L1_RET_151215,1,AfNE,1450137600000
L1_RET_151216,1,AfNE,1450224000000
L1_RET_151217,1,AfNE,1450310400000
L1_RET_151218,1,AfNE,1450396800000
L1_RET_151219,1,AfNE,1450483200000
L1_RET_151220,1,AfNE,1450569600000
L1_RET_151221,1,AfNE,1450656000000
L1_RET_151222,1,AfNE,1450742400000
L1_RET_151223,1,AfNE,1450828800000
L1_RET_151224,1,AfNE,1450915200000
L1_RET_151225,1,AfNE,1451001600000
L1_RET_151226,1,AfNE,1451088000000
L1_RET_151227,1,AfNE,1451174400000
L1_RET_151228,1,AfNE,1451260800000
L1_RET_151229,1,AfNE,1451347200000
L1_RET_151230,1,AfNE,1451433600000
L1_RET_151231,1,AfNE,1451520000000
L1_RET_160101,1,AfNE,1451606400000
L1_RET_160102,1,AfNE,1451692800000
L1_RET_160103,1,AfNE,1451779200000
L1_RET_160104,1,AfNE,1451865600000
L1_RET_160105,1,AfNE,1451952000000
L1_RET_160106,1,AfNE,1452038400000
L1_RET_160107,1,AfNE,1452124800000
L1_RET_160108,1,AfNE,1452211200000
L1_RET_160109,1,AfNE,1452297600000
L1_RET_160110,1,AfNE,1452384000000
L1_RET_160111,1,AfNE,1452470400000
L1_RET_160112,1,AfNE,1452556800000
L1_RET_160113,1,AfNE,1452643200000
L1_RET_160114,1,AfNE,1452729600000
L1_RET_160115,1,AfNE,1452816000000
L1_RET_160116,1,AfNE,1452902400000
L1_RET_160117,1,AfNE,1452988800000
L1_RET_160118,1,AfNE,1453075200000
L1_RET_160119,1,AfNE,1453161600000
L1_RET_160120,1,AfNE,1453248000000
L1_RET_160121,1,AfNE,1453334400000
L1_RET_160122,1,AfNE,1453420800000
L1_RET_160123,1,AfNE,1453507200000
L1_RET_160124,1,AfNE,1453593600000
L1_RET_160125,1,AfNE,1453680000000
L1_RET_160126,1,AfNE,1453766400000
L1_RET_160127,1,AfNE,1453852800000
L1_RET_160128,1,AfNE,1453939200000
L1_RET_160129,1,AfNE,1454025600000
L1_RET_160130,1,AfNE,1454112000000
L1_RET_160131,1,AfNE,1454198400000
L1_RET_160201,1,AfNE,1454284800000
L1_RET_160202,1,AfNE,1454371200000
L1_RET_160203,1,AfNE,1454457600000
L1_RET_160204,1,AfNE,1454544000000
L1_RET_160205,1,AfNE,1454630400000
L1_RET_160206,1,AfNE,1454716800000
L1_RET_160207,1,AfNE,1454803200000
L1_RET_160208,1,AfNE,1454889600000
L1_RET_160209,1,AfNE,1454976000000
L1_RET_160210,1,AfNE,1455062400000
L1_RET_160211,1,AfNE,1455148800000
L1_RET_160212,1,AfNE,1455235200000
L1_RET_160213,1,AfNE,1455321600000
L1_RET_160214,1,AfNE,1455408000000
L1_RET_160215,1,AfNE,1455494400000
L1_RET_160216,1,AfNE,1455580800000
L1_RET_160217,1,AfNE,1455667200000
L1_RET_160218,1,AfNE,1455753600000
L1_RET_160219,1,AfNE,1455840000000
L1_RET_160220,1,AfNE,1455926400000
L1_RET_160221,1,AfNE,1456012800000
L1_RET_160222,1,AfNE,1456099200000
L1_RET_160223,1,AfNE,1456185600000
L1_RET_160224,1,AfNE,1456272000000
L1_RET_160225,1,AfNE,1456358400000
L1_RET_160226,1,AfNE,1456444800000
L1_RET_160227,1,AfNE,1456531200000
L1_RET_160228,1,AfNE,1456617600000
L1_RET_160229,1,AfNE,1456704000000
L1_RET_160301,1,AfNE,1456790400000
L1_RET_160302,1,AfNE,1456876800000
L1_RET_160303,1,AfNE,1456963200000
L1_RET_160304,1,AfNE,1457049600000
L1_RET_160305,1,AfNE,1457136000000
L1_RET_160306,1,AfNE,1457222400000
L1_RET_160307,1,AfNE,1457308800000
L1_RET_160308,1,AfNE,1457395200000
L1_RET_160309,1,AfNE,1457481600000
L1_RET_160310,1,AfNE,1457568000000
L1_RET_160311,1,AfNE,1457654400000
L1_RET_160312,1,AfNE,1457740800000
L1_RET_160313,1,AfNE,1457827200000
L1_RET_160314,1,AfNE,1457913600000
L1_RET_160315,1,AfNE,1458000000000
L1_RET_160316,1,AfNE,1458086400000
L1_RET_160317,1,AfNE,1458172800000
L1_RET_160318,1,AfNE,1458259200000
L1_RET_160319,1,AfNE,1458345600000
L1_RET_160320,1,AfNE,1458432000000
L1_RET_160321,1,AfNE,1458518400000
L1_RET_160322,1,AfNE,1458604800000
L1_RET_160323,1,AfNE,1458691200000
L1_RET_160324,1,AfNE,1458777600000
L1_RET_160325,1,AfNE,1458864000000
L1_RET_160326,1,AfNE,1458950400000
L1_RET_160327,1,AfNE,1459036800000
L1_RET_160328,1,AfNE,1459123200000
L1_RET_160329,1,AfNE,1459209600000
L1_RET_160330,1,AfNE,1459296000000
L1_RET_160331,1,AfNE,1459382400000
L1_RET_160401,1,AfNE,1459468800000
L1_RET_160402,1,AfNE,1459555200000
L1_RET_160403,1,AfNE,1459641600000
L1_RET_160404,1,AfNE,1459728000000
L1_RET_160405,1,AfNE,1459814400000
L1_RET_160406,1,AfNE,1459900800000
L1_RET_160407,1,AfNE,1459987200000
L1_RET_160408,1,AfNE,1460073600000
L1_RET_160409,1,AfNE,1460160000000
L1_RET_160410,1,AfNE,1460246400000
L1_RET_160411,1,AfNE,1460332800000
L1_RET_160412,1,AfNE,1460419200000
L1_RET_160413,1,AfNE,1460505600000
L1_RET_160414,1,AfNE,1460592000000
L1_RET_160415,1,AfNE,1460678400000
L1_RET_160416,1,AfNE,1460764800000
L1_RET_160417,1,AfNE,1460851200000
L1_RET_160418,1,AfNE,1460937600000
L1_RET_160419,1,AfNE,1461024000000
L1_RET_160420,1,AfNE,1461110400000
L1_RET_160421,1,AfNE,1461196800000
L1_RET_160422,1,AfNE,1461283200000
L1_RET_160423,1,AfNE,1461369600000
L1_RET_160424,1,AfNE,1461456000000
L1_RET_160425,1,AfNE,1461542400000
L1_RET_160426,1,AfNE,1461628800000
L1_RET_160427,1,AfNE,1461715200000
L1_RET_160428,1,AfNE,1461801600000
L1_RET_160429,1,AfNE,1461888000000
L1_RET_160430,1,AfNE,1461974400000
L1_RET_160501,1,AfNE,1462060800000
L1_RET_160502,1,AfNE,1462147200000
L1_RET_160503,1,AfNE,1462233600000
L1_RET_160504,1,AfNE,1462320000000
L1_RET_160505,1,AfNE,1462406400000
L1_RET_160506,1,AfNE,1462492800000
L1_RET_160507,1,AfNE,1462579200000
L1_RET_160508,1,AfNE,1462665600000
L1_RET_160509,1,AfNE,1462752000000
L1_RET_160510,1,AfNE,1462838400000
L1_RET_160511,1,AfNE,1462924800000
L1_RET_160512,1,AfNE,1463011200000
L1_RET_160513,1,AfNE,1463097600000
L1_RET_160514,1,AfNE,1463184000000
L1_RET_160515,1,AfNE,1463270400000
L1_RET_160516,1,AfNE,1463356800000
L1_RET_160517,1,AfNE,1463443200000
L1_RET_160518,1,AfNE,1463529600000
L1_RET_160519,1,AfNE,1463616000000
L1_RET_160520,1,AfNE,1463702400000
L1_RET_160521,1,AfNE,1463788800000
L1_RET_160522,1,AfNE,1463875200000
L1_RET_160523,1,AfNE,1463961600000
L1_RET_160524,1,AfNE,1464048000000
L1_RET_160525,1,AfNE,1464134400000
L1_RET_160526,1,AfNE,1464220800000
L1_RET_160527,1,AfNE,1464307200000
L1_RET_160528,1,AfNE,1464393600000
L1_RET_160529,1,AfNE,1464480000000
L1_RET_160530,1,AfNE,1464566400000
L1_RET_160531,1,AfNE,1464652800000
L1_RET_160601,1,AfNE,1464739200000
L1_RET_160602,1,AfNE,1464825600000
L1_RET_160603,1,AfNE,1464912000000
L1_RET_160604,1,AfNE,1464998400000
L1_RET_160605,1,AfNE,1465084800000
L1_RET_160606,1,AfNE,1465171200000
L1_RET_160607,1,AfNE,1465257600000
L1_RET_160608,1,AfNE,1465344000000
L1_RET_160609,1,AfNE,1465430400000
L1_RET_160610,1,AfNE,1465516800000
L1_RET_160611,1,AfNE,1465603200000
L1_RET_160612,1,AfNE,1465689600000
L1_RET_160613,1,AfNE,1465776000000
L1_RET_160614,1,AfNE,1465862400000
L1_RET_160615,1,AfNE,1465948800000
L1_RET_160616,1,AfNE,1466035200000
L1_RET_160617,1,AfNE,1466121600000
L1_RET_160618,1,AfNE,1466208000000
L1_RET_160619,1,AfNE,1466294400000
L1_RET_160620,1,AfNE,1466380800000
L1_RET_160621,1,AfNE,1466467200000
L1_RET_160622,1,AfNE,1466553600000
L1_RET_160623,1,AfNE,1466640000000
L1_RET_160624,1,AfNE,1466726400000
L1_RET_160625,1,AfNE,1466812800000
L1_RET_160626,1,AfNE,1466899200000
L1_RET_160627,1,AfNE,1466985600000
L1_RET_160628,1,AfNE,1467072000000
L1_RET_160629,1,AfNE,1467158400000
L1_RET_160630,1,AfNE,1467244800000
L1_RET_160701,1,AfNE,1467331200000
L1_RET_160702,1,AfNE,1467417600000
L1_RET_160703,1,AfNE,1467504000000
L1_RET_160704,1,AfNE,1467590400000
L1_RET_160705,1,AfNE,1467676800000
L1_RET_160706,1,AfNE,1467763200000
L1_RET_160707,1,AfNE,1467849600000
L1_RET_160708,1,AfNE,1467936000000
L1_RET_160709,1,AfNE,1468022400000
L1_RET_160710,1,AfNE,1468108800000
L1_RET_160711,1,AfNE,1468195200000
L1_RET_160712,1,AfNE,1468281600000
L1_RET_160713,1,AfNE,1468368000000
L1_RET_160714,1,AfNE,1468454400000
L1_RET_160715,1,AfNE,1468540800000
L1_RET_160716,1,AfNE,1468627200000
L1_RET_160717,1,AfNE,1468713600000
L1_RET_160718,1,AfNE,1468800000000
L1_RET_160719,1,AfNE,1468886400000
L1_RET_160720,1,AfNE,1468972800000
L1_RET_160721,1,AfNE,1469059200000
L1_RET_160722,1,AfNE,1469145600000
L1_RET_160723,1,AfNE,1469232000000
L1_RET_160724,1,AfNE,1469318400000
L1_RET_160725,1,AfNE,1469404800000
L1_RET_160726,1,AfNE,1469491200000
L1_RET_160727,1,AfNE,1469577600000
L1_RET_160728,1,AfNE,1469664000000
L1_RET_160729,1,AfNE,1469750400000
L1_RET_160730,1,AfNE,1469836800000
L1_RET_160731,1,AfNE,1469923200000
L1_RET_160801,1,AfNE,1470009600000
L1_RET_160802,1,AfNE,1470096000000
L1_RET_160803,1,AfNE,1470182400000
L1_RET_160804,1,AfNE,1470268800000
L1_RET_160805,1,AfNE,1470355200000
L1_RET_160806,1,AfNE,1470441600000
L1_RET_160807,1,AfNE,1470528000000
L1_RET_160808,1,AfNE,1470614400000
L1_RET_160809,1,AfNE,1470700800000
L1_RET_160810,1,AfNE,1470787200000
L1_RET_160811,1,AfNE,1470873600000
L1_RET_160812,1,AfNE,1470960000000
L1_RET_160813,1,AfNE,1471046400000
L1_RET_160814,1,AfNE,1471132800000
L1_RET_160815,1,AfNE,1471219200000
L1_RET_160816,1,AfNE,1471305600000
L1_RET_160817,1,AfNE,1471392000000
L1_RET_160818,1,AfNE,1471478400000
L1_RET_160819,1,AfNE,1471564800000
L1_RET_160820,1,AfNE,1471651200000
L1_RET_160821,1,AfNE,1471737600000
L1_RET_160822,1,AfNE,1471824000000
L1_RET_160823,1,AfNE,1471910400000
L1_RET_160824,1,AfNE,1471996800000
L1_RET_160825,1,AfNE,1472083200000
L1_RET_160826,1,AfNE,1472169600000
L1_RET_160827,1,AfNE,1472256000000
L1_RET_160828,1,AfNE,1472342400000
L1_RET_160829,1,AfNE,1472428800000
L1_RET_160830,1,AfNE,1472515200000
L1_RET_160831,1,AfNE,1472601600000
L1_RET_160901,1,AfNE,1472688000000
L1_RET_160902,1,AfNE,1472774400000
L1_RET_160903,1,AfNE,1472860800000
L1_RET_160904,1,AfNE,1472947200000
L1_RET_160905,1,AfNE,1473033600000
L1_RET_160906,1,AfNE,1473120000000
L1_RET_160907,1,AfNE,1473206400000
L1_RET_160908,1,AfNE,1473292800000
L1_RET_160909,1,AfNE,1473379200000
L1_RET_160910,1,AfNE,1473465600000
L1_RET_160911,1,AfNE,1473552000000
L1_RET_160912,1,AfNE,1473638400000
L1_RET_160913,1,AfNE,1473724800000
L1_RET_160914,1,AfNE,1473811200000
L1_RET_160915,1,AfNE,1473897600000
L1_RET_160916,1,AfNE,1473984000000
L1_RET_160917,1,AfNE,1474070400000
L1_RET_160918,1,AfNE,1474156800000
L1_RET_160919,1,AfNE,1474243200000
L1_RET_160920,1,AfNE,1474329600000
L1_RET_160921,1,AfNE,1474416000000
L1_RET_160922,1,AfNE,1474502400000
L1_RET_160923,1,AfNE,1474588800000
L1_RET_160924,1,AfNE,1474675200000
L1_RET_160925,1,AfNE,1474761600000
L1_RET_160926,1,AfNE,1474848000000
L1_RET_160927,1,AfNE,1474934400000
L1_RET_160928,1,AfNE,1475020800000
L1_RET_160929,1,AfNE,1475107200000
L1_RET_160930,1,AfNE,1475193600000
L1_RET_161001,1,AfNE,1475280000000
L1_RET_161002,1,AfNE,1475366400000
L1_RET_161003,1,AfNE,1475452800000
L1_RET_161004,1,AfNE,1475539200000
L1_RET_161005,1,AfNE,1475625600000
L1_RET_161006,1,AfNE,1475712000000
L1_RET_161007,1,AfNE,1475798400000
L1_RET_161008,1,AfNE,1475884800000
L1_RET_161009,1,AfNE,1475971200000
L1_RET_161010,1,AfNE,1476057600000
L1_RET_161011,1,AfNE,1476144000000
L1_RET_161012,1,AfNE,1476230400000
L1_RET_161013,1,AfNE,1476316800000
L1_RET_161014,1,AfNE,1476403200000
L1_RET_161015,1,AfNE,1476489600000
L1_RET_161016,1,AfNE,1476576000000
L1_RET_161017,1,AfNE,1476662400000
L1_RET_161018,1,AfNE,1476748800000
L1_RET_161019,1,AfNE,1476835200000
L1_RET_161020,1,AfNE,1476921600000
L1_RET_161021,1,AfNE,1477008000000
L1_RET_161022,1,AfNE,1477094400000
L1_RET_161023,1,AfNE,1477180800000
L1_RET_161024,1,AfNE,1477267200000
L1_RET_161025,1,AfNE,1477353600000
L1_RET_161026,1,AfNE,1477440000000
L1_RET_161027,1,AfNE,1477526400000
L1_RET_161028,1,AfNE,1477612800000
L1_RET_161029,1,AfNE,1477699200000
L1_RET_161030,1,AfNE,1477785600000
L1_RET_161031,1,AfNE,1477872000000
L1_RET_161101,1,AfNE,1477958400000
L1_RET_161102,1,AfNE,1478044800000
L1_RET_161103,1,AfNE,1478131200000
L1_RET_161104,1,AfNE,1478217600000
L1_RET_161105,1,AfNE,1478304000000
L1_RET_161106,1,AfNE,1478390400000
L1_RET_161107,1,AfNE,1478476800000
L1_RET_161108,1,AfNE,1478563200000
L1_RET_161109,1,AfNE,1478649600000
L1_RET_161110,1,AfNE,1478736000000
L1_RET_161111,1,AfNE,1478822400000
L1_RET_161112,1,AfNE,1478908800000
L1_RET_161113,1,AfNE,1478995200000
L1_RET_161114,1,AfNE,1479081600000
L1_RET_161115,1,AfNE,1479168000000
L1_RET_161116,1,AfNE,1479254400000
L1_RET_161117,1,AfNE,1479340800000
L1_RET_161118,1,AfNE,1479427200000
L1_RET_161119,1,AfNE,1479513600000
L1_RET_161120,1,AfNE,1479600000000
L1_RET_161121,1,AfNE,1479686400000
L1_RET_161122,1,AfNE,1479772800000
L1_RET_161123,1,AfNE,1479859200000
L1_RET_161124,1,AfNE,1479945600000
L1_RET_161125,1,AfNE,1480032000000
L1_RET_161126,1,AfNE,1480118400000
L1_RET_161127,1,AfNE,1480204800000
L1_RET_161128,1,AfNE,1480291200000
L1_RET_161129,1,AfNE,1480377600000
L1_RET_161130,1,AfNE,1480464000000
L1_RET_161201,1,AfNE,1480550400000
L1_RET_161202,1,AfNE,1480636800000
L1_RET_161203,1,AfNE,1480723200000
L1_RET_161204,1,AfNE,1480809600000
L1_RET_161205,1,AfNE,1480896000000
L1_RET_161206,1,AfNE,1480982400000
L1_RET_161207,1,AfNE,1481068800000
L1_RET_161208,1,AfNE,1481155200000
L1_RET_161209,1,AfNE,1481241600000
L1_RET_161210,1,AfNE,1481328000000
L1_RET_161211,1,AfNE,1481414400000
L1_RET_161212,1,AfNE,1481500800000
L1_RET_161213,1,AfNE,1481587200000
L1_RET_161214,1,AfNE,1481673600000
L1_RET_161215,1,AfNE,1481760000000
L1_RET_161216,1,AfNE,1481846400000
L1_RET_161217,1,AfNE,1481932800000
L1_RET_161218,1,AfNE,1482019200000
L1_RET_161219,1,AfNE,1482105600000
L1_RET_161220,1,AfNE,1482192000000
L1_RET_161221,1,AfNE,1482278400000
L1_RET_161222,1,AfNE,1482364800000
L1_RET_161223,1,AfNE,1482451200000
L1_RET_161224,1,AfNE,1482537600000
L1_RET_161225,1,AfNE,1482624000000
L1_RET_161226,1,AfNE,1482710400000
L1_RET_161227,1,AfNE,1482796800000
L1_RET_161228,1,AfNE,1482883200000
L1_RET_161229,1,AfNE,1482969600000
L1_RET_161230,1,AfNE,1483056000000
L1_RET_161231,1,AfNE,1483142400000
